text,published_on,id,code,username,like_count,reply_count,image_count,videos,url,repost_count,keyword,emotion,language_context
"I‚Äôve carried the thought of ending
longer than I‚Äôve carried peace.
It lingers in my breathing,
a weight that doesn‚Äôt cease.

But I‚Äôve never used its shadow
to make another kneel,
never played my breaking
as a weapon they could feel.

When I said I wanted silence,
I meant the noise inside
not to guilt, not to haunt,
just to finally unwind.

So when they use the word suicide
as a leash, as a blade, as proof,
I think of the ones who meant it
the ones who told the truth.",1762835363,3763258243024807051_67114542802,DQ5x271jeSL,caitlinpwurrell.exe,3,0,,,https://www.threads.net/@caitlinpwurrell.exe/post/DQ5x271jeSL,0,suicide,sad,english
"Everyone should see Nuremberg, if only for the scene where Justice Robert H. Jackson (played by Michael Shannon) confronts the Pope over the Church‚Äôs wartime silence and the 1933 Reichskonkordat that lent legitimacy to the N*zi regime and trying to stop them from conducting the Nuremberg trials.",1762820282,3763131732422985429_63472427250,DQ5VF9qEobV,late.july,139,0,,,https://www.threads.net/@late.july/post/DQ5VF9qEobV,0,suicide,sad,english
"Quick stop by Tahquamenom Falls on our way to the Shipwreck museum. 

First time going in the ‚Äúoffseason.‚Äù",1762795786,3762926248671659308_63073354972,DQ4mXyAEUUs,tjwalz,141,0,,,https://www.threads.net/@tjwalz/post/DQ4mXyAEUUs,0,suicide,sad,english
"Nobody glows better than a woman who didn't get what she wanted, healed from it, and realized God had a much better plan for her all along .",1762795446,3762923399229178449_63371303000,DQ4luUQD4JR,theeashley.b,202,0,,,https://www.threads.net/@theeashley.b/post/DQ4luUQD4JR,0,suicide,sad,english
All I want for Christmas‚Ä¶,1762778837,3762784067989389821_63390662068,DQ4GCx7AcH9,sads_irl8,30,0,,,https://www.threads.net/@sads_irl8/post/DQ4GCx7AcH9,0,suicide,sad,english
"The solution is not to repeat taking your ball and going home, only to return to play after the next game is over.",1762798640,3762950193960563706_63098006305,DQ4r0OygbP6,andrewgatto,15,0,,,https://www.threads.net/@andrewgatto/post/DQ4r0OygbP6,0,suicide,sad,english
"Democrats were overwhelmingly united on their shutdown demands.

Americans understood that Trump and Republicans were to blame.

Voters made it known last Tuesday that they'll elect leaders who stand up to Trump.

Democrats held the cards ‚Äî and folded for no reason.",1762793402,3762906128427032966_63302668092,DQ4hy_kCKGG,rbreich,18333,0,,,https://www.threads.net/@rbreich/post/DQ4hy_kCKGG,0,suicide,sad,english
"All those book marketing spam emails are like: 
‚ÄúHey Author! Your book is amazing, and here are some generic elements that describe it. You rock. Unfortunately nobody gives a fuck about your work and that‚Äôs really embarrassing for you‚Äù",1762789197,3762870975982594425_63397478070,DQ4ZzdTEel5,mk_lobb,106,0,,,https://www.threads.net/@mk_lobb/post/DQ4ZzdTEel5,0,suicide,sad,english
"Lionel Messi paid a visit to the soon to be completed new Spotify Camp Nou ü•πüè°

He's even made it clear he wants to come back and say a proper goodbye... over to you, Mr. Laporta ü•≤üôè",1762771393,3762721624366548402_63088451965,DQ332GxDIWy,onefootball,600,0,,,https://www.threads.net/@onefootball/post/DQ332GxDIWy,0,suicide,sad,english
The fact that none of the 8 Dems are up for re-election in 2026 is a pretty good sign @senschumer engineered the surrender,1762745393,3762503520223011637_63095843678,DQ3GQRdDKM1,thetnholler,3797,0,,,https://www.threads.net/@thetnholler/post/DQ3GQRdDKM1,0,suicide,sad,english
"Minnesota will soon host one of the country‚Äôs biggest solar farms ‚Äî and soon after, a huge battery storage cluster too.
https://www.canarymedia.com/articles/energy-storage/xcel-minnesota-increase-battery-solar-sherco",1762785614,3762840898485763019_63086134580,DQ4S9xcjjvL,canarymediainc,7,0,,,https://www.threads.net/@canarymediainc/post/DQ4S9xcjjvL,0,suicide,sad,english
"Something I haven‚Äôt heard mentioned yet is the spike in suicide we‚Äôre about to see when people who can‚Äôt survive without healthcare face the prospect of dying slowly, or surviving while trapped under crushing medical debt. 

No one is coming to save us, as @senschumer made abundantly clear.",1762837410,3763275415705185051_77432726085,DQ51w1JEWsb,oryxbattiste,2,0,,,https://www.threads.net/@oryxbattiste/post/DQ51w1JEWsb,0,suicide,sad,english
"My friend Fadi from Gaza has lost access to his Threads account(s), even his backup. His campaign is still on my pinned post as are many others who are suffering due to the genocide. 

In the meantime, you can support Fadi by following him on his website linked below. 

As always, I really appreciate everyone who shows him and other Palestinians much needed kindness. Thank you. 

-Adri",1762816999,3763104198327140001_63575855342,DQ5O1SiEf6h,adriellereinaauthor,0,0,,,https://www.threads.net/@adriellereinaauthor/post/DQ5O1SiEf6h,0,suicide,sad,english
How are all my car content creators doing,1762791342,3762888969387244240_63045686972,DQ4d5S9j_rQ,f90.vic,8,0,,,https://www.threads.net/@f90.vic/post/DQ4d5S9j_rQ,0,suicide,sad,english
"Marcus Mariota didn‚Äôt mince words when addressing the Commanders‚Äô struggles after the team‚Äôs fifth straight loss.

(via @commanders) #nfl #commanders #marcusmariota",1762741147,3762467896496776882_63496592589,DQ2-J4RgGay,sportsillustrated,194,0,,"['https://instagram.fala6-1.fna.fbcdn.net/o1/v/t2/f2/m86/AQO3z0axehvb3d9Gbz0XMTNPEAak8nPaHbK1Aqh0dWlM1hEDrbZY-nDvujbEk-uKxR7qzbbpoF_C_f1cEvVPunlvGDcGDs8P-xQwesk.mp4?_nc_cat=108&_nc_oc=Adk04GlzKt3cus-UmuhSKivjb915mip1RlnFHj7Mr44K65hhkOCHi0y-4ddwqqnPBCo&_nc_sid=5e9851&_nc_ht=instagram.fala6-1.fna.fbcdn.net&_nc_ohc=5TkvbX0HSXIQ7kNvwHglfTw&efg=eyJ2ZW5jb2RlX3RhZyI6Inhwdl9wcm9ncmVzc2l2ZS5JTlNUQUdSQU0uRkVFRC5DMy43MjAuZGFzaF9iYXNlbGluZV8xX3YxIiwieHB2X2Fzc2V0X2lkIjo3OTc5MDg2MDk4MTE3NzAsImFzc2V0X2FnZV9kYXlzIjoxLCJ2aV91c2VjYXNlX2lkIjoxMDA5OSwiZHVyYXRpb25fcyI6NDEsInVybGdlbl9zb3VyY2UiOiJ3d3cifQ%3D%3D&ccb=17-1&vs=7d6df83f41bade1f&_nc_vs=HBksFQIYUmlnX3hwdl9yZWVsc19wZXJtYW5lbnRfc3JfcHJvZC9GRjQ2RUU1MThGMTI4RDg1MkJFMTk1RjdFRTUwODRBRV92aWRlb19kYXNoaW5pdC5tcDQVAALIARIAFQIYOnBhc3N0aHJvdWdoX2V2ZXJzdG9yZS9HQi16a1NLaHVkdm5GUDREQU1tbXRfbzY5QnhiYnN0VEFRQUYVAgLIARIAKAAYABsCiAd1c2Vfb2lsATEScHJvZ3Jlc3NpdmVfcmVjaXBlATEVAAAm9JSCtLLs6gIVAigCQzMsF0BE2p--dsi0GBJkYXNoX2Jhc2VsaW5lXzFfdjERAHXqB2XmnQEA&_nc_gid=yl-pvH6cU0CenCwRemgNWw&_nc_zt=28&oh=00_AfiUZCu9tL9LIrtturoZmrqmLw-DtIGAmtV8R3Y9VqpgrA&oe=6914A3D9', 'https://instagram.fala6-1.fna.fbcdn.net/o1/v/t2/f2/m86/AQO3z0axehvb3d9Gbz0XMTNPEAak8nPaHbK1Aqh0dWlM1hEDrbZY-nDvujbEk-uKxR7qzbbpoF_C_f1cEvVPunlvGDcGDs8P-xQwesk.mp4?_nc_cat=108&_nc_oc=Adk04GlzKt3cus-UmuhSKivjb915mip1RlnFHj7Mr44K65hhkOCHi0y-4ddwqqnPBCo&_nc_sid=5e9851&_nc_ht=instagram.fala6-1.fna.fbcdn.net&_nc_ohc=5TkvbX0HSXIQ7kNvwHglfTw&efg=eyJ2ZW5jb2RlX3RhZyI6Inhwdl9wcm9ncmVzc2l2ZS5JTlNUQUdSQU0uRkVFRC5DMy43MjAuZGFzaF9iYXNlbGluZV8xX3YxIiwieHB2X2Fzc2V0X2lkIjo3OTc5MDg2MDk4MTE3NzAsImFzc2V0X2FnZV9kYXlzIjoxLCJ2aV91c2VjYXNlX2lkIjoxMDA5OSwiZHVyYXRpb25fcyI6NDEsInVybGdlbl9zb3VyY2UiOiJ3d3cifQ%3D%3D&ccb=17-1&vs=7d6df83f41bade1f&_nc_vs=HBksFQIYUmlnX3hwdl9yZWVsc19wZXJtYW5lbnRfc3JfcHJvZC9GRjQ2RUU1MThGMTI4RDg1MkJFMTk1RjdFRTUwODRBRV92aWRlb19kYXNoaW5pdC5tcDQVAALIARIAFQIYOnBhc3N0aHJvdWdoX2V2ZXJzdG9yZS9HQi16a1NLaHVkdm5GUDREQU1tbXRfbzY5QnhiYnN0VEFRQUYVAgLIARIAKAAYABsCiAd1c2Vfb2lsATEScHJvZ3Jlc3NpdmVfcmVjaXBlATEVAAAm9JSCtLLs6gIVAigCQzMsF0BE2p--dsi0GBJkYXNoX2Jhc2VsaW5lXzFfdjERAHXqB2XmnQEA&_nc_gid=yl-pvH6cU0CenCwRemgNWw&_nc_zt=28&oh=00_AfiUZCu9tL9LIrtturoZmrqmLw-DtIGAmtV8R3Y9VqpgrA&oe=6914A3D9', 'https://instagram.fala6-1.fna.fbcdn.net/o1/v/t2/f2/m86/AQO3z0axehvb3d9Gbz0XMTNPEAak8nPaHbK1Aqh0dWlM1hEDrbZY-nDvujbEk-uKxR7qzbbpoF_C_f1cEvVPunlvGDcGDs8P-xQwesk.mp4?_nc_cat=108&_nc_oc=Adk04GlzKt3cus-UmuhSKivjb915mip1RlnFHj7Mr44K65hhkOCHi0y-4ddwqqnPBCo&_nc_sid=5e9851&_nc_ht=instagram.fala6-1.fna.fbcdn.net&_nc_ohc=5TkvbX0HSXIQ7kNvwHglfTw&efg=eyJ2ZW5jb2RlX3RhZyI6Inhwdl9wcm9ncmVzc2l2ZS5JTlNUQUdSQU0uRkVFRC5DMy43MjAuZGFzaF9iYXNlbGluZV8xX3YxIiwieHB2X2Fzc2V0X2lkIjo3OTc5MDg2MDk4MTE3NzAsImFzc2V0X2FnZV9kYXlzIjoxLCJ2aV91c2VjYXNlX2lkIjoxMDA5OSwiZHVyYXRpb25fcyI6NDEsInVybGdlbl9zb3VyY2UiOiJ3d3cifQ%3D%3D&ccb=17-1&vs=7d6df83f41bade1f&_nc_vs=HBksFQIYUmlnX3hwdl9yZWVsc19wZXJtYW5lbnRfc3JfcHJvZC9GRjQ2RUU1MThGMTI4RDg1MkJFMTk1RjdFRTUwODRBRV92aWRlb19kYXNoaW5pdC5tcDQVAALIARIAFQIYOnBhc3N0aHJvdWdoX2V2ZXJzdG9yZS9HQi16a1NLaHVkdm5GUDREQU1tbXRfbzY5QnhiYnN0VEFRQUYVAgLIARIAKAAYABsCiAd1c2Vfb2lsATEScHJvZ3Jlc3NpdmVfcmVjaXBlATEVAAAm9JSCtLLs6gIVAigCQzMsF0BE2p--dsi0GBJkYXNoX2Jhc2VsaW5lXzFfdjERAHXqB2XmnQEA&_nc_gid=yl-pvH6cU0CenCwRemgNWw&_nc_zt=28&oh=00_AfiUZCu9tL9LIrtturoZmrqmLw-DtIGAmtV8R3Y9VqpgrA&oe=6914A3D9']",https://www.threads.net/@sportsillustrated/post/DQ2-J4RgGay,0,suicide,sad,english
"It‚Äôs beginning to look a lot like Trishmas! 

I‚Äôm a Christmas-time baby, so we‚Äôre making it a Holiday Party Show! 

 Come celebrate Trishmas Dec 13 at 4pm @hollywoodimprov  It‚Äôs the most wonderful time of the year‚Äîbefore everyone disappears out of LA for the holidays! ‚ô•Ô∏è‚ú®üéÅ

#comedy #hollywood #trishmas #standup #themostwonderfultimeoftheyear",1762818077,3763113240172843326_63139341471,DQ5Q43aElE-,trishsuhr,3,0,,,https://www.threads.net/@trishsuhr/post/DQ5Q43aElE-,0,suicide,sad,english
This is why we love football ü•π,1762779733,3762791317836496093_63860244782,DQ4HsR3kXzd,fcbarcelona,1495,0,,"['https://instagram.fala6-1.fna.fbcdn.net/o1/v/t16/f2/m84/AQPfIJCs_qnqVZIa0w_7z5Q6gOhd1xS3D7dD_ln_7ViaqpJ0IXmoBuLttxmWrGl1TSbu-vAjrCHD-ho2zpRAGScUEY7HJhYVVk4vpGE.mp4?_nc_cat=108&_nc_oc=AdnHrZjq6UkYoRyS2fiwOpldENWqbJ-OBDKuD45WIV2vwC631BILAvk7zLczumInwD4&_nc_sid=5e9851&_nc_ht=instagram.fala6-1.fna.fbcdn.net&_nc_ohc=PuZM79CaaxkQ7kNvwG3jE9u&efg=eyJ2ZW5jb2RlX3RhZyI6Inhwdl9wcm9ncmVzc2l2ZS5JTlNUQUdSQU0uRkVFRC5DMy43MjAuZGFzaF9iYXNlbGluZV8xX3YxIiwieHB2X2Fzc2V0X2lkIjoyNTU5Mzk2NjE0NDUzNTIyLCJhc3NldF9hZ2VfZGF5cyI6MCwidmlfdXNlY2FzZV9pZCI6MTAxNjQsImR1cmF0aW9uX3MiOjEwLCJ1cmxnZW5fc291cmNlIjoid3d3In0%3D&ccb=17-1&vs=f5d2a0ab83187d05&_nc_vs=HBksFQIYTGlnX2JhY2tmaWxsX3RpbWVsaW5lX3ZvZC9FRDQ0NjA3RkEwMjZENTVERUZENzJCN0M2RDU4MUZCMV92aWRlb19kYXNoaW5pdC5tcDQVAALIARIAFQIYOnBhc3N0aHJvdWdoX2V2ZXJzdG9yZS9HRDd4a1NKbkY4cWE3UWdHQU92NjJmLUU5TGxDYnNwVEFRQUYVAgLIARIAKAAYABsCiAd1c2Vfb2lsATEScHJvZ3Jlc3NpdmVfcmVjaXBlATEVAAAmpOTZ4L7wiwkVAigCQzMsF0AkKPXCj1wpGBJkYXNoX2Jhc2VsaW5lXzFfdjERAHXqB2XongEA&_nc_gid=yl-pvH6cU0CenCwRemgNWw&_nc_zt=28&oh=00_AfiJiFQhWftjYJF76aZjSkdZHFVRS-Bmk_Pp_g5JddzE8A&oe=6914B3C8', 'https://instagram.fala6-1.fna.fbcdn.net/o1/v/t16/f2/m84/AQPfIJCs_qnqVZIa0w_7z5Q6gOhd1xS3D7dD_ln_7ViaqpJ0IXmoBuLttxmWrGl1TSbu-vAjrCHD-ho2zpRAGScUEY7HJhYVVk4vpGE.mp4?_nc_cat=108&_nc_oc=AdnHrZjq6UkYoRyS2fiwOpldENWqbJ-OBDKuD45WIV2vwC631BILAvk7zLczumInwD4&_nc_sid=5e9851&_nc_ht=instagram.fala6-1.fna.fbcdn.net&_nc_ohc=PuZM79CaaxkQ7kNvwG3jE9u&efg=eyJ2ZW5jb2RlX3RhZyI6Inhwdl9wcm9ncmVzc2l2ZS5JTlNUQUdSQU0uRkVFRC5DMy43MjAuZGFzaF9iYXNlbGluZV8xX3YxIiwieHB2X2Fzc2V0X2lkIjoyNTU5Mzk2NjE0NDUzNTIyLCJhc3NldF9hZ2VfZGF5cyI6MCwidmlfdXNlY2FzZV9pZCI6MTAxNjQsImR1cmF0aW9uX3MiOjEwLCJ1cmxnZW5fc291cmNlIjoid3d3In0%3D&ccb=17-1&vs=f5d2a0ab83187d05&_nc_vs=HBksFQIYTGlnX2JhY2tmaWxsX3RpbWVsaW5lX3ZvZC9FRDQ0NjA3RkEwMjZENTVERUZENzJCN0M2RDU4MUZCMV92aWRlb19kYXNoaW5pdC5tcDQVAALIARIAFQIYOnBhc3N0aHJvdWdoX2V2ZXJzdG9yZS9HRDd4a1NKbkY4cWE3UWdHQU92NjJmLUU5TGxDYnNwVEFRQUYVAgLIARIAKAAYABsCiAd1c2Vfb2lsATEScHJvZ3Jlc3NpdmVfcmVjaXBlATEVAAAmpOTZ4L7wiwkVAigCQzMsF0AkKPXCj1wpGBJkYXNoX2Jhc2VsaW5lXzFfdjERAHXqB2XongEA&_nc_gid=yl-pvH6cU0CenCwRemgNWw&_nc_zt=28&oh=00_AfiJiFQhWftjYJF76aZjSkdZHFVRS-Bmk_Pp_g5JddzE8A&oe=6914B3C8', 'https://instagram.fala6-1.fna.fbcdn.net/o1/v/t16/f2/m84/AQPfIJCs_qnqVZIa0w_7z5Q6gOhd1xS3D7dD_ln_7ViaqpJ0IXmoBuLttxmWrGl1TSbu-vAjrCHD-ho2zpRAGScUEY7HJhYVVk4vpGE.mp4?_nc_cat=108&_nc_oc=AdnHrZjq6UkYoRyS2fiwOpldENWqbJ-OBDKuD45WIV2vwC631BILAvk7zLczumInwD4&_nc_sid=5e9851&_nc_ht=instagram.fala6-1.fna.fbcdn.net&_nc_ohc=PuZM79CaaxkQ7kNvwG3jE9u&efg=eyJ2ZW5jb2RlX3RhZyI6Inhwdl9wcm9ncmVzc2l2ZS5JTlNUQUdSQU0uRkVFRC5DMy43MjAuZGFzaF9iYXNlbGluZV8xX3YxIiwieHB2X2Fzc2V0X2lkIjoyNTU5Mzk2NjE0NDUzNTIyLCJhc3NldF9hZ2VfZGF5cyI6MCwidmlfdXNlY2FzZV9pZCI6MTAxNjQsImR1cmF0aW9uX3MiOjEwLCJ1cmxnZW5fc291cmNlIjoid3d3In0%3D&ccb=17-1&vs=f5d2a0ab83187d05&_nc_vs=HBksFQIYTGlnX2JhY2tmaWxsX3RpbWVsaW5lX3ZvZC9FRDQ0NjA3RkEwMjZENTVERUZENzJCN0M2RDU4MUZCMV92aWRlb19kYXNoaW5pdC5tcDQVAALIARIAFQIYOnBhc3N0aHJvdWdoX2V2ZXJzdG9yZS9HRDd4a1NKbkY4cWE3UWdHQU92NjJmLUU5TGxDYnNwVEFRQUYVAgLIARIAKAAYABsCiAd1c2Vfb2lsATEScHJvZ3Jlc3NpdmVfcmVjaXBlATEVAAAmpOTZ4L7wiwkVAigCQzMsF0AkKPXCj1wpGBJkYXNoX2Jhc2VsaW5lXzFfdjERAHXqB2XongEA&_nc_gid=yl-pvH6cU0CenCwRemgNWw&_nc_zt=28&oh=00_AfiJiFQhWftjYJF76aZjSkdZHFVRS-Bmk_Pp_g5JddzE8A&oe=6914B3C8']",https://www.threads.net/@fcbarcelona/post/DQ4HsR3kXzd,0,suicide,sad,english
TuPaiMeOdia üíîüíîüíî,1762757249,3762602857648421814_63449161036,DQ3c10pAPu2,elmalilla_,419,0,,"['https://instagram.fala6-1.fna.fbcdn.net/o1/v/t16/f2/m84/AQNRaiurffoL52tS5iMwQxsxhSZpCnAk5_jDefGOqAymWNgPUfeQrw5-aM0wpBqaHoESIkROB5biq4nG-bGucFvhIGYsKpeRLzfFhmA.mp4?_nc_cat=109&_nc_oc=Adk7aL0Dqd7TPjSt3V96_5Z__pfF0Y4nYsVXaJ9VUAiWjyEA_1b3sB9_dU5N5uUJUt8&_nc_sid=5e9851&_nc_ht=instagram.fala6-1.fna.fbcdn.net&_nc_ohc=aHwkt5pqkhUQ7kNvwEmvLk4&efg=eyJ2ZW5jb2RlX3RhZyI6Inhwdl9wcm9ncmVzc2l2ZS5JTlNUQUdSQU0uRkVFRC5DMy43MjAuZGFzaF9iYXNlbGluZV8xX3YxIiwieHB2X2Fzc2V0X2lkIjoyMDUzNDMyMTMyMTQzNTgwLCJhc3NldF9hZ2VfZGF5cyI6MCwidmlfdXNlY2FzZV9pZCI6MTAxNjQsImR1cmF0aW9uX3MiOjI1LCJ1cmxnZW5fc291cmNlIjoid3d3In0%3D&ccb=17-1&vs=f26f005262574ceb&_nc_vs=HBksFQIYTGlnX2JhY2tmaWxsX3RpbWVsaW5lX3ZvZC80QjQ2MEIzQTdENjRGN0FGMkRCOTVDQTc3OEZBMjI5Q192aWRlb19kYXNoaW5pdC5tcDQVAALIARIAFQIYOnBhc3N0aHJvdWdoX2V2ZXJzdG9yZS9HRlVma2lKbG1tX0pqQUFEQUlGZFlKUDROYWtuYnNwVEFRQUYVAgLIARIAKAAYABsCiAd1c2Vfb2lsATEScHJvZ3Jlc3NpdmVfcmVjaXBlATEVAAAmuKf0zL3lpQcVAigCQzMsF0A5EOVgQYk3GBJkYXNoX2Jhc2VsaW5lXzFfdjERAHXqB2XongEA&_nc_gid=mOEXC__OW6U6ACuN6wO8nQ&_nc_zt=28&oh=00_Afj17p6AkSlzf0N2ilGU1Ip9HfYjfU5PP2HNJdYFMaCaOA&oe=691491FB', 'https://instagram.fala6-1.fna.fbcdn.net/o1/v/t16/f2/m84/AQNRaiurffoL52tS5iMwQxsxhSZpCnAk5_jDefGOqAymWNgPUfeQrw5-aM0wpBqaHoESIkROB5biq4nG-bGucFvhIGYsKpeRLzfFhmA.mp4?_nc_cat=109&_nc_oc=Adk7aL0Dqd7TPjSt3V96_5Z__pfF0Y4nYsVXaJ9VUAiWjyEA_1b3sB9_dU5N5uUJUt8&_nc_sid=5e9851&_nc_ht=instagram.fala6-1.fna.fbcdn.net&_nc_ohc=aHwkt5pqkhUQ7kNvwEmvLk4&efg=eyJ2ZW5jb2RlX3RhZyI6Inhwdl9wcm9ncmVzc2l2ZS5JTlNUQUdSQU0uRkVFRC5DMy43MjAuZGFzaF9iYXNlbGluZV8xX3YxIiwieHB2X2Fzc2V0X2lkIjoyMDUzNDMyMTMyMTQzNTgwLCJhc3NldF9hZ2VfZGF5cyI6MCwidmlfdXNlY2FzZV9pZCI6MTAxNjQsImR1cmF0aW9uX3MiOjI1LCJ1cmxnZW5fc291cmNlIjoid3d3In0%3D&ccb=17-1&vs=f26f005262574ceb&_nc_vs=HBksFQIYTGlnX2JhY2tmaWxsX3RpbWVsaW5lX3ZvZC80QjQ2MEIzQTdENjRGN0FGMkRCOTVDQTc3OEZBMjI5Q192aWRlb19kYXNoaW5pdC5tcDQVAALIARIAFQIYOnBhc3N0aHJvdWdoX2V2ZXJzdG9yZS9HRlVma2lKbG1tX0pqQUFEQUlGZFlKUDROYWtuYnNwVEFRQUYVAgLIARIAKAAYABsCiAd1c2Vfb2lsATEScHJvZ3Jlc3NpdmVfcmVjaXBlATEVAAAmuKf0zL3lpQcVAigCQzMsF0A5EOVgQYk3GBJkYXNoX2Jhc2VsaW5lXzFfdjERAHXqB2XongEA&_nc_gid=mOEXC__OW6U6ACuN6wO8nQ&_nc_zt=28&oh=00_Afj17p6AkSlzf0N2ilGU1Ip9HfYjfU5PP2HNJdYFMaCaOA&oe=691491FB', 'https://instagram.fala6-1.fna.fbcdn.net/o1/v/t16/f2/m84/AQNRaiurffoL52tS5iMwQxsxhSZpCnAk5_jDefGOqAymWNgPUfeQrw5-aM0wpBqaHoESIkROB5biq4nG-bGucFvhIGYsKpeRLzfFhmA.mp4?_nc_cat=109&_nc_oc=Adk7aL0Dqd7TPjSt3V96_5Z__pfF0Y4nYsVXaJ9VUAiWjyEA_1b3sB9_dU5N5uUJUt8&_nc_sid=5e9851&_nc_ht=instagram.fala6-1.fna.fbcdn.net&_nc_ohc=aHwkt5pqkhUQ7kNvwEmvLk4&efg=eyJ2ZW5jb2RlX3RhZyI6Inhwdl9wcm9ncmVzc2l2ZS5JTlNUQUdSQU0uRkVFRC5DMy43MjAuZGFzaF9iYXNlbGluZV8xX3YxIiwieHB2X2Fzc2V0X2lkIjoyMDUzNDMyMTMyMTQzNTgwLCJhc3NldF9hZ2VfZGF5cyI6MCwidmlfdXNlY2FzZV9pZCI6MTAxNjQsImR1cmF0aW9uX3MiOjI1LCJ1cmxnZW5fc291cmNlIjoid3d3In0%3D&ccb=17-1&vs=f26f005262574ceb&_nc_vs=HBksFQIYTGlnX2JhY2tmaWxsX3RpbWVsaW5lX3ZvZC80QjQ2MEIzQTdENjRGN0FGMkRCOTVDQTc3OEZBMjI5Q192aWRlb19kYXNoaW5pdC5tcDQVAALIARIAFQIYOnBhc3N0aHJvdWdoX2V2ZXJzdG9yZS9HRlVma2lKbG1tX0pqQUFEQUlGZFlKUDROYWtuYnNwVEFRQUYVAgLIARIAKAAYABsCiAd1c2Vfb2lsATEScHJvZ3Jlc3NpdmVfcmVjaXBlATEVAAAmuKf0zL3lpQcVAigCQzMsF0A5EOVgQYk3GBJkYXNoX2Jhc2VsaW5lXzFfdjERAHXqB2XongEA&_nc_gid=mOEXC__OW6U6ACuN6wO8nQ&_nc_zt=28&oh=00_Afj17p6AkSlzf0N2ilGU1Ip9HfYjfU5PP2HNJdYFMaCaOA&oe=691491FB']",https://www.threads.net/@elmalilla_/post/DQ3c10pAPu2,0,suicide,sad,english
The Chicago Archdiocese said a local priest is facing an allegation of sexual abuse of a minor at a church in Round Lake.,1762766431,3762679890261971169_63079231911,DQ3uWy2khDh,abc7chicago,11,0,,,https://www.threads.net/@abc7chicago/post/DQ3uWy2khDh,0,suicide,sad,english
Braised lamb shank with mashed potatos & steamed green beans,1762785318,3762838437369064612_64110969116,DQ4SZ9Wkayk,foodie_z_,9,0,,,https://www.threads.net/@foodie_z_/post/DQ4SZ9Wkayk,0,suicide,sad,english
Reuters: U.S. SUPREME COURT REJECTS CASE THAT THREATENED ITS LANDMARK 2015 RULING RECOGNIZING A CONSTITUTIONAL RIGHT TO SAME-SEX MARRIAGE,1762785610,3762840888184798908_63255043496,DQ4S9n2kf68,griffinkyle,7138,0,,,https://www.threads.net/@griffinkyle/post/DQ4S9n2kf68,0,suicide,sad,english
"Canada has just had their measles elimination status yanked by the Pan American Health Organization. The U.S. will undoubtedly lose ours shortly as well. 

Elimination means that there is no continuous spreading of measles within the country for a year or longer. 

Canada and the U.S. have blown it, and it‚Äôs largely the fault of the anti-vaccination movement.",1762786441,3762847859545844429_63309424405,DQ4UjEcEarN,1elizabeth_jacobs,443,0,,,https://www.threads.net/@1elizabeth_jacobs/post/DQ4UjEcEarN,0,suicide,sad,english
"I‚Äôve said this before, but here‚Äôs a little inside baseball from a former Republican: Back in my GOP days, we Republicans would privately laugh at how Democrats would never go to the mat to win. We always knew Democrats wouldn‚Äôt fight to the death politically.

Last night proved Republicans right again.",1762783807,3762825762031375534_63437508806,DQ4PhghkZSu,walsh_freedom,4095,0,,,https://www.threads.net/@walsh_freedom/post/DQ4PhghkZSu,0,suicide,sad,english
i'm just a girl,1762813765,3763077071691198001_63127981019,DQ5Iqi4ki4x,rejectness,177,0,,,https://www.threads.net/@rejectness/post/DQ5Iqi4ki4x,0,suicide,sad,english
Yummy üòã,1762770666,3762715388099595424_63424381528,DQ32bWykoyg,meywithken,86,0,,"['https://instagram.fala6-1.fna.fbcdn.net/o1/v/t16/f2/m84/AQNspgH3duM3oLVU5gBDrh1od1CbJ3fwrjEkEXr1JiPziBp6r0UFHUyRUxQvhwc4Blv59j8Dscads31iClvav_CWL7NGQquHOXs55nQ.mp4?_nc_cat=1&_nc_oc=AdkEpb6-pzTzD6bLG_vq4YML86W1LOoIitXPCEDayKSLcLVBlufx0EVvyzVYWb98kHg&_nc_sid=5e9851&_nc_ht=instagram.fala6-1.fna.fbcdn.net&_nc_ohc=0WJPPDeUf4oQ7kNvwEgI0hM&efg=eyJ2ZW5jb2RlX3RhZyI6Inhwdl9wcm9ncmVzc2l2ZS5JTlNUQUdSQU0uRkVFRC5DMy43MjAuZGFzaF9iYXNlbGluZV8xX3YxIiwieHB2X2Fzc2V0X2lkIjoxMjI2NjA3ODQ1OTQzNTQ5LCJhc3NldF9hZ2VfZGF5cyI6MCwidmlfdXNlY2FzZV9pZCI6MTAxNjQsImR1cmF0aW9uX3MiOjE1LCJ1cmxnZW5fc291cmNlIjoid3d3In0%3D&ccb=17-1&vs=89c9ec20ddfe07fb&_nc_vs=HBksFQIYTGlnX2JhY2tmaWxsX3RpbWVsaW5lX3ZvZC85NjRDODExQjdDQTA2MkMzRkM0NTlFMEVEOEY2RDc5Q192aWRlb19kYXNoaW5pdC5tcDQVAALIARIAFQIYOnBhc3N0aHJvdWdoX2V2ZXJzdG9yZS9HSkY1ZENLT0xkMERWZFlFQURfMmNBOVN2U0IyYnNwVEFRQUYVAgLIARIAKAAYABsCiAd1c2Vfb2lsATEScHJvZ3Jlc3NpdmVfcmVjaXBlATEVAAAm-qP9zvzlrQQVAigCQzMsF0AuRBiTdLxqGBJkYXNoX2Jhc2VsaW5lXzFfdjERAHXqB2XongEA&_nc_gid=ymQOBsjFeZjv5ikuBpR-yg&_nc_zt=28&oh=00_AfjfauTdUrLnfsaSc0uFPkU7ipLJHC81aDpE6DafotYgag&oe=69148C6B', 'https://instagram.fala6-1.fna.fbcdn.net/o1/v/t16/f2/m84/AQNspgH3duM3oLVU5gBDrh1od1CbJ3fwrjEkEXr1JiPziBp6r0UFHUyRUxQvhwc4Blv59j8Dscads31iClvav_CWL7NGQquHOXs55nQ.mp4?_nc_cat=1&_nc_oc=AdkEpb6-pzTzD6bLG_vq4YML86W1LOoIitXPCEDayKSLcLVBlufx0EVvyzVYWb98kHg&_nc_sid=5e9851&_nc_ht=instagram.fala6-1.fna.fbcdn.net&_nc_ohc=0WJPPDeUf4oQ7kNvwEgI0hM&efg=eyJ2ZW5jb2RlX3RhZyI6Inhwdl9wcm9ncmVzc2l2ZS5JTlNUQUdSQU0uRkVFRC5DMy43MjAuZGFzaF9iYXNlbGluZV8xX3YxIiwieHB2X2Fzc2V0X2lkIjoxMjI2NjA3ODQ1OTQzNTQ5LCJhc3NldF9hZ2VfZGF5cyI6MCwidmlfdXNlY2FzZV9pZCI6MTAxNjQsImR1cmF0aW9uX3MiOjE1LCJ1cmxnZW5fc291cmNlIjoid3d3In0%3D&ccb=17-1&vs=89c9ec20ddfe07fb&_nc_vs=HBksFQIYTGlnX2JhY2tmaWxsX3RpbWVsaW5lX3ZvZC85NjRDODExQjdDQTA2MkMzRkM0NTlFMEVEOEY2RDc5Q192aWRlb19kYXNoaW5pdC5tcDQVAALIARIAFQIYOnBhc3N0aHJvdWdoX2V2ZXJzdG9yZS9HSkY1ZENLT0xkMERWZFlFQURfMmNBOVN2U0IyYnNwVEFRQUYVAgLIARIAKAAYABsCiAd1c2Vfb2lsATEScHJvZ3Jlc3NpdmVfcmVjaXBlATEVAAAm-qP9zvzlrQQVAigCQzMsF0AuRBiTdLxqGBJkYXNoX2Jhc2VsaW5lXzFfdjERAHXqB2XongEA&_nc_gid=ymQOBsjFeZjv5ikuBpR-yg&_nc_zt=28&oh=00_AfjfauTdUrLnfsaSc0uFPkU7ipLJHC81aDpE6DafotYgag&oe=69148C6B', 'https://instagram.fala6-1.fna.fbcdn.net/o1/v/t16/f2/m84/AQNspgH3duM3oLVU5gBDrh1od1CbJ3fwrjEkEXr1JiPziBp6r0UFHUyRUxQvhwc4Blv59j8Dscads31iClvav_CWL7NGQquHOXs55nQ.mp4?_nc_cat=1&_nc_oc=AdkEpb6-pzTzD6bLG_vq4YML86W1LOoIitXPCEDayKSLcLVBlufx0EVvyzVYWb98kHg&_nc_sid=5e9851&_nc_ht=instagram.fala6-1.fna.fbcdn.net&_nc_ohc=0WJPPDeUf4oQ7kNvwEgI0hM&efg=eyJ2ZW5jb2RlX3RhZyI6Inhwdl9wcm9ncmVzc2l2ZS5JTlNUQUdSQU0uRkVFRC5DMy43MjAuZGFzaF9iYXNlbGluZV8xX3YxIiwieHB2X2Fzc2V0X2lkIjoxMjI2NjA3ODQ1OTQzNTQ5LCJhc3NldF9hZ2VfZGF5cyI6MCwidmlfdXNlY2FzZV9pZCI6MTAxNjQsImR1cmF0aW9uX3MiOjE1LCJ1cmxnZW5fc291cmNlIjoid3d3In0%3D&ccb=17-1&vs=89c9ec20ddfe07fb&_nc_vs=HBksFQIYTGlnX2JhY2tmaWxsX3RpbWVsaW5lX3ZvZC85NjRDODExQjdDQTA2MkMzRkM0NTlFMEVEOEY2RDc5Q192aWRlb19kYXNoaW5pdC5tcDQVAALIARIAFQIYOnBhc3N0aHJvdWdoX2V2ZXJzdG9yZS9HSkY1ZENLT0xkMERWZFlFQURfMmNBOVN2U0IyYnNwVEFRQUYVAgLIARIAKAAYABsCiAd1c2Vfb2lsATEScHJvZ3Jlc3NpdmVfcmVjaXBlATEVAAAm-qP9zvzlrQQVAigCQzMsF0AuRBiTdLxqGBJkYXNoX2Jhc2VsaW5lXzFfdjERAHXqB2XongEA&_nc_gid=ymQOBsjFeZjv5ikuBpR-yg&_nc_zt=28&oh=00_AfjfauTdUrLnfsaSc0uFPkU7ipLJHC81aDpE6DafotYgag&oe=69148C6B']",https://www.threads.net/@meywithken/post/DQ32bWykoyg,0,suicide,sad,english
"AI ANNOUNCEMENT OF THE DAY

Gamma just announced its Series B funding round at a $2.1B valuation saying it reached ‚Äú$100M ARR, profitably, with a team of just 50 people‚Äù",1762788741,3762867153964721764_63402783888,DQ4Y71xDWZk,stockmktnewz,11,0,,,https://www.threads.net/@stockmktnewz/post/DQ4Y71xDWZk,0,suicide,sad,english
Bear  pancake for breakfast! üêªüíô A little creativity for kids . This is morning magic for your children ‚ú® #familybreakfast #kidfriendlymeals#pancake #kids #creative #foodart,1762755525,3762588511946700618_63567608157,DQ3ZlEKjHdK,mariesha_u,1,0,,,https://www.threads.net/@mariesha_u/post/DQ3ZlEKjHdK,0,suicide,sad,english
"Gotta Catch 'Em All
üß¢ Saori Nakamishi, ENCHANTED POK√âREALM : SAORI‚ÄôS YELLOW WHISPERS OF MAGIC AND LOVE, 2021. Available via Galerie Jacob Paulett.",1762800911,3762969206103477656_63255980859,DQ4wI5OiA2Y,artnet,0,0,,,https://www.threads.net/@artnet/post/DQ4wI5OiA2Y,0,suicide,sad,english
"America:
Step 1: Elect a Republican president, economy stumbles.

Step 2: Elect a Democrat president, economy recovers.

Step 3: Elect a Republican president, economy stumbles.

Step 4: Elect a Democrat president, economy recovers.
.
.
.",1762821118,3763138752437757778_63236708853,DQ5WsHjjydS,martinldart,307,0,,,https://www.threads.net/@martinldart/post/DQ5WsHjjydS,0,suicide,sad,english
"‚Ä™‚ú® ùóöùó¢ùóîùóü ùó¢ùóô ùóßùóõùóò ùó†ùó¢ùó°ùóßùóõ ‚ú®‚Ä¨

‚Ä™You voted ùë≥ùíÜùíèùíèùíÇùíìùíï ùë≤ùíÇùíìùíç'ùíî UCL goal against Club Brugge as the Goal of the Month for October ü§©‚Ä¨",1762788995,3762869129372773401_63681100903,DQ4ZYlgjCwZ,fcbayern,372,0,,"['https://instagram.fala6-1.fna.fbcdn.net/o1/v/t16/f2/m84/AQOc84zRt3o0NWLL9zbjevYQWUKnfeba9VtEQ_ci4t0SA-cQYAU-PRMduhIMFfaaqeUAOIMMO5OAM8lrz61ppUva7ljmE_JNA94srqQ.mp4?_nc_cat=104&_nc_oc=Adn3VkttH4Vdi3blu-_ZH2md6dz7SdyIvMZf315eHp4bXobCD01srlTaF1v3KgVX3fA&_nc_sid=5e9851&_nc_ht=instagram.fala6-1.fna.fbcdn.net&_nc_ohc=ygwO5QhN93sQ7kNvwG4l8rn&efg=eyJ2ZW5jb2RlX3RhZyI6Inhwdl9wcm9ncmVzc2l2ZS5JTlNUQUdSQU0uRkVFRC5DMy43MjAuZGFzaF9iYXNlbGluZV8xX3YxIiwieHB2X2Fzc2V0X2lkIjo3MTAwNzMzMDgyODk5NjYsImFzc2V0X2FnZV9kYXlzIjowLCJ2aV91c2VjYXNlX2lkIjoxMDE2NCwiZHVyYXRpb25fcyI6MTUsInVybGdlbl9zb3VyY2UiOiJ3d3cifQ%3D%3D&ccb=17-1&vs=e9b549d0e4c98ecd&_nc_vs=HBksFQIYTGlnX2JhY2tmaWxsX3RpbWVsaW5lX3ZvZC81QzRGQjFCQkUxODg4NTlFRTJBRkQzNkJFOUQwRkRBMV92aWRlb19kYXNoaW5pdC5tcDQVAALIARIAFQIYOnBhc3N0aHJvdWdoX2V2ZXJzdG9yZS9HUHhzZFNKdy1EVUV1ellGQUlaQU9lMnNBX2t4YnNwVEFRQUYVAgLIARIAKAAYABsCiAd1c2Vfb2lsATEScHJvZ3Jlc3NpdmVfcmVjaXBlATEVAAAm3O7wtNrzwgIVAigCQzMsF0AueuFHrhR7GBJkYXNoX2Jhc2VsaW5lXzFfdjERAHXqB2XongEA&_nc_gid=6NW2o9p5dCIXk7coiIJE4Q&_nc_zt=28&oh=00_AfghU2jCMIHlSpuQefkoAfLMJmmDlE_JKWpVJlcFiJYjVg&oe=6914A728', 'https://instagram.fala6-1.fna.fbcdn.net/o1/v/t16/f2/m84/AQOc84zRt3o0NWLL9zbjevYQWUKnfeba9VtEQ_ci4t0SA-cQYAU-PRMduhIMFfaaqeUAOIMMO5OAM8lrz61ppUva7ljmE_JNA94srqQ.mp4?_nc_cat=104&_nc_oc=Adn3VkttH4Vdi3blu-_ZH2md6dz7SdyIvMZf315eHp4bXobCD01srlTaF1v3KgVX3fA&_nc_sid=5e9851&_nc_ht=instagram.fala6-1.fna.fbcdn.net&_nc_ohc=ygwO5QhN93sQ7kNvwG4l8rn&efg=eyJ2ZW5jb2RlX3RhZyI6Inhwdl9wcm9ncmVzc2l2ZS5JTlNUQUdSQU0uRkVFRC5DMy43MjAuZGFzaF9iYXNlbGluZV8xX3YxIiwieHB2X2Fzc2V0X2lkIjo3MTAwNzMzMDgyODk5NjYsImFzc2V0X2FnZV9kYXlzIjowLCJ2aV91c2VjYXNlX2lkIjoxMDE2NCwiZHVyYXRpb25fcyI6MTUsInVybGdlbl9zb3VyY2UiOiJ3d3cifQ%3D%3D&ccb=17-1&vs=e9b549d0e4c98ecd&_nc_vs=HBksFQIYTGlnX2JhY2tmaWxsX3RpbWVsaW5lX3ZvZC81QzRGQjFCQkUxODg4NTlFRTJBRkQzNkJFOUQwRkRBMV92aWRlb19kYXNoaW5pdC5tcDQVAALIARIAFQIYOnBhc3N0aHJvdWdoX2V2ZXJzdG9yZS9HUHhzZFNKdy1EVUV1ellGQUlaQU9lMnNBX2t4YnNwVEFRQUYVAgLIARIAKAAYABsCiAd1c2Vfb2lsATEScHJvZ3Jlc3NpdmVfcmVjaXBlATEVAAAm3O7wtNrzwgIVAigCQzMsF0AueuFHrhR7GBJkYXNoX2Jhc2VsaW5lXzFfdjERAHXqB2XongEA&_nc_gid=6NW2o9p5dCIXk7coiIJE4Q&_nc_zt=28&oh=00_AfghU2jCMIHlSpuQefkoAfLMJmmDlE_JKWpVJlcFiJYjVg&oe=6914A728', 'https://instagram.fala6-1.fna.fbcdn.net/o1/v/t16/f2/m84/AQOc84zRt3o0NWLL9zbjevYQWUKnfeba9VtEQ_ci4t0SA-cQYAU-PRMduhIMFfaaqeUAOIMMO5OAM8lrz61ppUva7ljmE_JNA94srqQ.mp4?_nc_cat=104&_nc_oc=Adn3VkttH4Vdi3blu-_ZH2md6dz7SdyIvMZf315eHp4bXobCD01srlTaF1v3KgVX3fA&_nc_sid=5e9851&_nc_ht=instagram.fala6-1.fna.fbcdn.net&_nc_ohc=ygwO5QhN93sQ7kNvwG4l8rn&efg=eyJ2ZW5jb2RlX3RhZyI6Inhwdl9wcm9ncmVzc2l2ZS5JTlNUQUdSQU0uRkVFRC5DMy43MjAuZGFzaF9iYXNlbGluZV8xX3YxIiwieHB2X2Fzc2V0X2lkIjo3MTAwNzMzMDgyODk5NjYsImFzc2V0X2FnZV9kYXlzIjowLCJ2aV91c2VjYXNlX2lkIjoxMDE2NCwiZHVyYXRpb25fcyI6MTUsInVybGdlbl9zb3VyY2UiOiJ3d3cifQ%3D%3D&ccb=17-1&vs=e9b549d0e4c98ecd&_nc_vs=HBksFQIYTGlnX2JhY2tmaWxsX3RpbWVsaW5lX3ZvZC81QzRGQjFCQkUxODg4NTlFRTJBRkQzNkJFOUQwRkRBMV92aWRlb19kYXNoaW5pdC5tcDQVAALIARIAFQIYOnBhc3N0aHJvdWdoX2V2ZXJzdG9yZS9HUHhzZFNKdy1EVUV1ellGQUlaQU9lMnNBX2t4YnNwVEFRQUYVAgLIARIAKAAYABsCiAd1c2Vfb2lsATEScHJvZ3Jlc3NpdmVfcmVjaXBlATEVAAAm3O7wtNrzwgIVAigCQzMsF0AueuFHrhR7GBJkYXNoX2Jhc2VsaW5lXzFfdjERAHXqB2XongEA&_nc_gid=6NW2o9p5dCIXk7coiIJE4Q&_nc_zt=28&oh=00_AfghU2jCMIHlSpuQefkoAfLMJmmDlE_JKWpVJlcFiJYjVg&oe=6914A728']",https://www.threads.net/@fcbayern/post/DQ4ZYlgjCwZ,0,suicide,sad,english
Glad you are still here,1762832252,3763232146870661070_68486162555,DQ5r7L5jm_O,shannon45lynn,0,0,,,https://www.threads.net/@shannon45lynn/post/DQ5r7L5jm_O,0,suicide,sad,english
"Quit clowning around!

Image: Jules Ch√©ret, Seated Female Clown with Legs Crossed and Hands Clasped over Left Knee, c. 1900, black chalk on gray paper. The Clark, 1955.1591",1762804839,3763002190949589374_63403988101,DQ43o4wkSF-,clarkart,3,0,,,https://www.threads.net/@clarkart/post/DQ43o4wkSF-,0,suicide,sad,english
HAPPY BIRTHDAY REP. IM GLAD YOU ARE OUT OF THE VAULT!!!! AND THAT WE CAN STREAM YOU!!! üñ§üêç,1762791206,3762887831170490605_63098530218,DQ4dou6jqDt,forevermadie22,199,0,,,https://www.threads.net/@forevermadie22/post/DQ4dou6jqDt,0,suicide,sad,english
"Heyyyyy, Kimmy! 28 years with my wife, legally married for 10 of them. As I recall, Jesus said zilch about queerness in New Testament, but he had PLENTY to say about divorce. Thinking you have a ùò≠ùò¶ùò¶ùòµùò≠ùò¶ bit more to worry about than I do, babe.",1762799435,3762956859985598979_63083846976,DQ4tVPAj5oD,tiffanyetaylor_sapphicauthor,22,0,,,https://www.threads.net/@tiffanyetaylor_sapphicauthor/post/DQ4tVPAj5oD,0,suicide,sad,english
Brrrr.  I see you in Foraker and Vinita with your 19¬∞ low this morning!!,1762783312,3762821605836801445_63372750652,DQ4OlBxEUWl,jamesaydelottwx,5,0,,,https://www.threads.net/@jamesaydelottwx/post/DQ4OlBxEUWl,0,suicide,sad,english
"ùë® ùíÑùíêùíäùíè ùíâùíÇùíî ùíïùíòùíê ùíîùíäùíÖùíÜùíî ‚Äî ùíêùíèùíÜ ùíîùíÇùíöùíî ùíàùíêùíêùíÖùíÉùíöùíÜ, ùíÇùíèùíêùíïùíâùíÜùíì ùíÉùíÜùíàùíäùíèùíî. üíõüíó

With reports suggesting Ravindra Jadeja‚Äôs trade to RR in exchange for Sanju Samson, what‚Äôs your take ‚Äî the right move or a risky one? ü§î

#RavindraJadeja #SanjuSamson #IPL2026 #SKC",1762757303,3762603424526356451_63478265328,DQ3c-Elj8_j,sportskeedacricket,566,0,,,https://www.threads.net/@sportskeedacricket/post/DQ3c-Elj8_j,0,suicide,sad,english
"Democratic members of Illinois' Congressional delegation are not pleased with their colleague, Sen. Dick Durbin, after he sided with Republicans to reopen the government without extending Affordable Care Act subsidies.",1762818031,3763112750773084813_63079231911,DQ5QxvnkqKN,abc7chicago,166,0,,,https://www.threads.net/@abc7chicago/post/DQ5QxvnkqKN,0,suicide,sad,english
The Chicago Fire Department is investigating a fire that left multiple people displaced late Sunday night.,1762797813,3762943145903534648_63079231911,DQ4qNqxkjI4,abc7chicago,6,0,,,https://www.threads.net/@abc7chicago/post/DQ4qNqxkjI4,0,suicide,sad,english
There's more evidence that mRNA vaccines for COVID-19 can supercharge the immune system‚Äîthis time in cancer patients.,1762794675,3762916817921471493_63065963710,DQ4kOi7jXQF,scifri,9,0,,,https://www.threads.net/@scifri/post/DQ4kOi7jXQF,0,suicide,sad,english
"Wordle 1,605 5/6

‚¨õ‚¨õüü®‚¨õüü©
‚¨õ‚¨õ‚¨õüü®üü©
üü®‚¨õ‚¨õ‚¨õüü©
üü®üü©üü®‚¨õüü©
üü©üü©üü©üü©üü©",1762793425,3762906441842786347_63403878693,DQ4h3jdEYAr,gerardstone,2,0,,,https://www.threads.net/@gerardstone/post/DQ4h3jdEYAr,0,suicide,sad,english
"A giant Aoyu fish lantern took center stage at the opening ceremony of the 15th National Games on Sunday, dazzling the audience at the stadium in south China's Guangdong Province.
In Chinese folklore, Aoyu captures the magical moment when a carp leaps over the dragon gate and transforms into a dragon ‚Äî a symbol of talent and soaring success.",1762792621,3762899697016074029_63405373555,DQ4gVZ2EW8t,peoples_daily,3,0,,,https://www.threads.net/@peoples_daily/post/DQ4gVZ2EW8t,0,suicide,sad,english
"As someone who attempted twice as a teenager, this is my number goal now as a mother.",1762834444,3763250534020121118_63394758538,DQ5wGwREYIe,photos.by.vicky,15,0,,,https://www.threads.net/@photos.by.vicky/post/DQ5wGwREYIe,0,suicide,sad,english
