text,published_on,id,code,username,like_count,reply_count,image_count,videos,url,repost_count,keyword,emotion,language_context
AND AT LAST I SEE THE LIGHT AND ITS LIKE THE FOG HAS LIFTED!!!,1762820007,3763129430748030914_63098530218,DQ5UkeDjefC,forevermadie22,2,0,,,https://www.threads.net/@forevermadie22/post/DQ5UkeDjefC,0,depression,sad,english
"I‚Äôve been a bit quiet on here recently as my family ramped up preparations for our third son. 

Thrilled to announce baby Logan has arrived!

Mom and baby are healthy and happy, and the big bros are over the moon!",1762805037,3763003855870286296_63369379330,DQ44BHVktnY,econ_parker,19,0,,,https://www.threads.net/@econ_parker/post/DQ44BHVktnY,0,depression,sad,english
Day 833: Posting a photo of Avril everyday until AL8 releases!üñ§üß°,1762822766,3763152577475930955_63470368302,DQ5Z1TIDGtL,avrilfan.lavigne,56,0,,,https://www.threads.net/@avrilfan.lavigne/post/DQ5Z1TIDGtL,0,depression,sad,english
Homemade ü§§ üòã ü•µ ‚ù§Ô∏è‚Äçüî•,1762760336,3762628684110015486_63424381528,DQ3itpaEqv-,meywithken,85,0,,"['https://instagram.fala4-3.fna.fbcdn.net/o1/v/t16/f2/m84/AQOcu-OU9Grz7OwU9tvnLUfAAaMJfxtdRtAxkfRVHfYDQcaTFarDNgb8oo1N1R9ayR6RhJcp_hp-unmU_y-TOzlIhSi6bx_ut9spTA0.mp4?_nc_cat=109&_nc_oc=AdmTpO_jeywhb37UrK4sg9iJPnBdn2rRU2b_bY-wpKWRA-D4c1kH9nxIrd-3QmZU8z8&_nc_sid=5e9851&_nc_ht=instagram.fala4-3.fna.fbcdn.net&_nc_ohc=Uf623nBQGs0Q7kNvwEVUaM1&efg=eyJ2ZW5jb2RlX3RhZyI6Inhwdl9wcm9ncmVzc2l2ZS5JTlNUQUdSQU0uRkVFRC5DMy43MjAuZGFzaF9iYXNlbGluZV8xX3YxIiwieHB2X2Fzc2V0X2lkIjoxMzc2NzIxNjYwODQ0NjExLCJhc3NldF9hZ2VfZGF5cyI6MCwidmlfdXNlY2FzZV9pZCI6MTAxNjQsImR1cmF0aW9uX3MiOjEzLCJ1cmxnZW5fc291cmNlIjoid3d3In0%3D&ccb=17-1&vs=ad5283dc325e71be&_nc_vs=HBksFQIYTGlnX2JhY2tmaWxsX3RpbWVsaW5lX3ZvZC9CNzQyQTY1NDAzQkVFQkFDRTRERDlBMDQyOTg1QjA4Ml92aWRlb19kYXNoaW5pdC5tcDQVAALIARIAFQIYOnBhc3N0aHJvdWdoX2V2ZXJzdG9yZS9HQnF3WVNKVThRLWFnOXNDQUhFNEFxNTNvS0pWYnNwVEFRQUYVAgLIARIAKAAYABsCiAd1c2Vfb2lsATEScHJvZ3Jlc3NpdmVfcmVjaXBlATEVAAAmhunk2N-H8gQVAigCQzMsF0Ap7peNT987GBJkYXNoX2Jhc2VsaW5lXzFfdjERAHXqB2XongEA&_nc_gid=Lw9POgadRQ3NI9vOy-PE0w&_nc_zt=28&oh=00_AfiomOC7Lu_MPmA6rQupt5RilLBVylA9L94lHHKCM6LgXQ&oe=6914B88B', 'https://instagram.fala4-3.fna.fbcdn.net/o1/v/t16/f2/m84/AQOcu-OU9Grz7OwU9tvnLUfAAaMJfxtdRtAxkfRVHfYDQcaTFarDNgb8oo1N1R9ayR6RhJcp_hp-unmU_y-TOzlIhSi6bx_ut9spTA0.mp4?_nc_cat=109&_nc_oc=AdmTpO_jeywhb37UrK4sg9iJPnBdn2rRU2b_bY-wpKWRA-D4c1kH9nxIrd-3QmZU8z8&_nc_sid=5e9851&_nc_ht=instagram.fala4-3.fna.fbcdn.net&_nc_ohc=Uf623nBQGs0Q7kNvwEVUaM1&efg=eyJ2ZW5jb2RlX3RhZyI6Inhwdl9wcm9ncmVzc2l2ZS5JTlNUQUdSQU0uRkVFRC5DMy43MjAuZGFzaF9iYXNlbGluZV8xX3YxIiwieHB2X2Fzc2V0X2lkIjoxMzc2NzIxNjYwODQ0NjExLCJhc3NldF9hZ2VfZGF5cyI6MCwidmlfdXNlY2FzZV9pZCI6MTAxNjQsImR1cmF0aW9uX3MiOjEzLCJ1cmxnZW5fc291cmNlIjoid3d3In0%3D&ccb=17-1&vs=ad5283dc325e71be&_nc_vs=HBksFQIYTGlnX2JhY2tmaWxsX3RpbWVsaW5lX3ZvZC9CNzQyQTY1NDAzQkVFQkFDRTRERDlBMDQyOTg1QjA4Ml92aWRlb19kYXNoaW5pdC5tcDQVAALIARIAFQIYOnBhc3N0aHJvdWdoX2V2ZXJzdG9yZS9HQnF3WVNKVThRLWFnOXNDQUhFNEFxNTNvS0pWYnNwVEFRQUYVAgLIARIAKAAYABsCiAd1c2Vfb2lsATEScHJvZ3Jlc3NpdmVfcmVjaXBlATEVAAAmhunk2N-H8gQVAigCQzMsF0Ap7peNT987GBJkYXNoX2Jhc2VsaW5lXzFfdjERAHXqB2XongEA&_nc_gid=Lw9POgadRQ3NI9vOy-PE0w&_nc_zt=28&oh=00_AfiomOC7Lu_MPmA6rQupt5RilLBVylA9L94lHHKCM6LgXQ&oe=6914B88B', 'https://instagram.fala4-3.fna.fbcdn.net/o1/v/t16/f2/m84/AQOcu-OU9Grz7OwU9tvnLUfAAaMJfxtdRtAxkfRVHfYDQcaTFarDNgb8oo1N1R9ayR6RhJcp_hp-unmU_y-TOzlIhSi6bx_ut9spTA0.mp4?_nc_cat=109&_nc_oc=AdmTpO_jeywhb37UrK4sg9iJPnBdn2rRU2b_bY-wpKWRA-D4c1kH9nxIrd-3QmZU8z8&_nc_sid=5e9851&_nc_ht=instagram.fala4-3.fna.fbcdn.net&_nc_ohc=Uf623nBQGs0Q7kNvwEVUaM1&efg=eyJ2ZW5jb2RlX3RhZyI6Inhwdl9wcm9ncmVzc2l2ZS5JTlNUQUdSQU0uRkVFRC5DMy43MjAuZGFzaF9iYXNlbGluZV8xX3YxIiwieHB2X2Fzc2V0X2lkIjoxMzc2NzIxNjYwODQ0NjExLCJhc3NldF9hZ2VfZGF5cyI6MCwidmlfdXNlY2FzZV9pZCI6MTAxNjQsImR1cmF0aW9uX3MiOjEzLCJ1cmxnZW5fc291cmNlIjoid3d3In0%3D&ccb=17-1&vs=ad5283dc325e71be&_nc_vs=HBksFQIYTGlnX2JhY2tmaWxsX3RpbWVsaW5lX3ZvZC9CNzQyQTY1NDAzQkVFQkFDRTRERDlBMDQyOTg1QjA4Ml92aWRlb19kYXNoaW5pdC5tcDQVAALIARIAFQIYOnBhc3N0aHJvdWdoX2V2ZXJzdG9yZS9HQnF3WVNKVThRLWFnOXNDQUhFNEFxNTNvS0pWYnNwVEFRQUYVAgLIARIAKAAYABsCiAd1c2Vfb2lsATEScHJvZ3Jlc3NpdmVfcmVjaXBlATEVAAAmhunk2N-H8gQVAigCQzMsF0Ap7peNT987GBJkYXNoX2Jhc2VsaW5lXzFfdjERAHXqB2XongEA&_nc_gid=Lw9POgadRQ3NI9vOy-PE0w&_nc_zt=28&oh=00_AfiomOC7Lu_MPmA6rQupt5RilLBVylA9L94lHHKCM6LgXQ&oe=6914B88B']",https://www.threads.net/@meywithken/post/DQ3itpaEqv-,0,depression,sad,english
"My fellow ADHDers and/or depression, what do your symptoms look like when they‚Äôre out of control? What do you struggle with the most?

I feel so dysfunctional lately. I‚Äôm hanging on until January, where hopefully I can be medicated into either proper function or just straight up into numbness if nothing else works.",1762825012,3763171416477772525_64196542347,DQ5eHcUD6rt,terriboo621,32,0,,,https://www.threads.net/@terriboo621/post/DQ5eHcUD6rt,0,depression,sad,english
I look like I always do.,1762826716,3763185704885989277_63085948230,DQ5hXXbjq-d,robofunspace,0,0,,,https://www.threads.net/@robofunspace/post/DQ5hXXbjq-d,0,depression,sad,english
Intense emotional outburst due to RSD and then meltdowns due to also being Autistic üôÉ,1762829553,3763209508701641351_75996649217,DQ5mxwdiJqH,joshy_792,0,0,,,https://www.threads.net/@joshy_792/post/DQ5mxwdiJqH,0,depression,sad,english
"I lose everything. Constantly. It‚Äôs like having memory loss, absolutely no recollection of placing things down or picking them up. My mind is racing, it‚Äôs loud, with thoughts overlapping one another, and I want to scream. I can‚Äôt settle down, like to the point where it becomes painful to be up and moving but I genuinely cannot relax or pause. It‚Äôs like having 15 energizer bunnies attached to me with no direction. It‚Äôs genuinely awful and overstimulating",1762825747,3763177579268301426_65649364240,DQ5fhH3AGJy,imani_darling,7,0,,,https://www.threads.net/@imani_darling/post/DQ5fhH3AGJy,0,depression,sad,english
Yep üíØüíØüíØüíØüíØüíØ,1762825983,3763179556606414394_72302705573,DQ5f95ZiY46,robnori2,1,0,,,https://www.threads.net/@robnori2/post/DQ5f95ZiY46,0,depression,sad,english
try Saffron,1762832130,3763231123343218456_63480730297,DQ5rsSqkRcY,laurieegerter,0,0,,,https://www.threads.net/@laurieegerter/post/DQ5rsSqkRcY,0,depression,sad,english
I freeze and lose executive function,1762830590,3763218207336074785_68887008269,DQ5owVsjI4h,chawnacotastudios,0,0,,,https://www.threads.net/@chawnacotastudios/post/DQ5owVsjI4h,0,depression,sad,english
"I have been struggling the most with the mood swings lately. One day I'm alright, but the next day I hit a wall and get down again and that lasts a few days.",1762825790,3763177940306440269_75548331268,DQ5fmYGjTBN,titaniumsarthouse,0,0,,,https://www.threads.net/@titaniumsarthouse/post/DQ5fmYGjTBN,0,depression,sad,english
When it‚Äôs bad all I can do is move from my bed to the couch and rot all day in my pajamas and then eventually go back to bed.,1762825299,3763173821542121257_66065799950,DQ5eqcNET8p,intrepidsalamander,1,0,,,https://www.threads.net/@intrepidsalamander/post/DQ5eqcNET8p,0,depression,sad,english
Same,1762825919,3763179022108866705_66108135281,DQ5f2HnADiR,faunnyb,0,0,,,https://www.threads.net/@faunnyb/post/DQ5f2HnADiR,0,depression,sad,english
"Not being able to get any forward momentum, forgetting to do even the simplist things then getting super fucking pissed at myself for it",1762825992,3763179637832739411_66108135281,DQ5f_FDAOpT,faunnyb,3,0,,,https://www.threads.net/@faunnyb/post/DQ5f_FDAOpT,0,depression,sad,english
"I was about to comment but read the other comments and yea, it's too embarrassing. I barely function.",1762830491,3763217377124034914_71488812631,DQ5okQgDili,tayeboo,0,0,,,https://www.threads.net/@tayeboo/post/DQ5okQgDili,0,depression,sad,english
Memory and the ability to get out of the panic paralysis. I have no working memory so I have to write down anything important and the ability to move from one task to another is still something I struggle with. Also the shame spiral. I spiral very easily and I takes DAYS for me to get out of the funk. The meds help with a the executive but it makes the anxiety so much worse.,1762827564,3763192817939212067_77693502113,DQ5i-3-kWcj,practicalrevulsion,2,0,,,https://www.threads.net/@practicalrevulsion/post/DQ5i-3-kWcj,0,depression,sad,english
Complete disassociation. Soreness. Hyperthinking. Anxiety. Worse case scenario. Full on Panic Attack with crying and heavy breathing and the need to hug myself in fear of dying.,1762825934,3763179144935440967_72302705573,DQ5f36ACQJH,robnori2,0,0,,,https://www.threads.net/@robnori2/post/DQ5f36ACQJH,0,depression,sad,english
Knowing everything you need to do and then watching yourself not do any of those things.,1762827228,3763190003795879486_63736872351,DQ5iV7GjeY-,phelanacres,0,0,,,https://www.threads.net/@phelanacres/post/DQ5iV7GjeY-,0,depression,sad,english
I often withdraw. I‚Äôve been able to mask through work on some of those days almost mechanically. The flux of emptiness and internal chaos is exhausting both mentally and physically. Sending you love and light my friend.,1762826006,3763179750685486366_71968711882,DQ5gAuJjS0e,temple_absurd,0,0,,,https://www.threads.net/@temple_absurd/post/DQ5gAuJjS0e,0,depression,sad,english
"My ADHD symptoms and depression symptoms have some overlap but they‚Äôre definitely not the same. But when I‚Äôm struggling, my sleep is impacted first. I already have chronic insomnia but when depressed it gets so much worse. And then because I‚Äôm not sleeping regularly, I get agitated and lose my patience with people and want to withdraw into myself. Everything gets harder to do. I lose all my energy and the things that I normally enjoy start to feel meaningless.",1762827180,3763189597862745592_76659061401,DQ5iQBDDdX4,labakerista,0,0,,,https://www.threads.net/@labakerista/post/DQ5iQBDDdX4,0,depression,sad,english
Im grateful every day for science and for the pills that help me not think about un-aliving myself.,1762827249,3763190178765446786_76659061401,DQ5iYeDjZ6C,labakerista,0,0,,,https://www.threads.net/@labakerista/post/DQ5iYeDjZ6C,0,depression,sad,english
"I hate my job, it takes up the vast majority of my time 5/7 days of the week.  On weekends, instead of feeling free I‚Äôm often paralyzed and stressed out because there is so much I want or need to do that I just need a nothing day to recover.  Then I have one day to actually accomplish my errands and have a little fun or visit with fam, then back fucking to it.",1762828080,3763197149698971124_63524482980,DQ5j96PkdX0,dopefrancis69,0,0,,,https://www.threads.net/@dopefrancis69/post/DQ5j96PkdX0,0,depression,sad,english
"I yell (either in my head or out loud) ‚ÄúDon‚Äôt put down, put AWAY‚Äù and it sometimes works",1762828084,3763197186776353397_65104040808,DQ5j-cxjcp1,daisyl4,0,0,,,https://www.threads.net/@daisyl4/post/DQ5j-cxjcp1,0,depression,sad,english
When my depression is really bad I‚Äôm super irritable and have no patience. I struggle to even explain things or have discussions because I don‚Äôt have the energy and it annoys me. I eat very little and sleep a lot because getting up means I should do something productive and I don‚Äôt want to. üò©,1762825682,3763177037725871796_63390873167,DQ5fZPgjq60,madsoaper,0,0,,,https://www.threads.net/@madsoaper/post/DQ5fZPgjq60,0,depression,sad,english
That‚Äôs me on a mild one. Lol,1762825965,3763179404940380319_72302705573,DQ5f7sJiYif,robnori2,1,0,,,https://www.threads.net/@robnori2/post/DQ5f7sJiYif,0,depression,sad,english
Oh damn! üò≠ my meds must be working pretty good. üòÖ,1762826046,3763180087328832871_63390873167,DQ5gFnrDv1n,madsoaper,1,0,,,https://www.threads.net/@madsoaper/post/DQ5gFnrDv1n,0,depression,sad,english
Pass That!!! üòÇüòÇüòÇüòÇ,1762826155,3763181004580840650_72302705573,DQ5gS97ieTK,robnori2,1,0,,,https://www.threads.net/@robnori2/post/DQ5gS97ieTK,0,depression,sad,english
"For me it‚Äôs sitting there, mostly at work, with the intention to do something simple and then a half hour goes by and I‚Äôve done everything but what I intended to do. Then I get super frustrated because I‚Äôm aware of it but literally can‚Äôt make myself do it.",1762825799,3763178017557386900_64538973924,DQ5fngDERaU,life_in_da_rustbelt,0,0,,,https://www.threads.net/@life_in_da_rustbelt/post/DQ5fngDERaU,0,depression,sad,english
"For me out of control adhd means a 20 minute frantic search for keys that are on my pocket.  Or the phone that is in my hand. It's disassociating at a key moment of every and any conversation.  It's making ""careless"" mistakes at work. Depression when is out of control is being bedridden for weeks or months. For me I can't medicate for adhd because I'm also bipolar II and stimulants cause mania.",1762825499,3763175502224912079_63470146718,DQ5fC5dkW7P,8063rachele,0,0,,,https://www.threads.net/@8063rachele/post/DQ5fC5dkW7P,0,depression,sad,english
"I find my executive functioning and ability to think + focus clearly really takes a turn for the worse when my ADHD + depression flare. Making food takes way longer than usual, and self maintenance (teeth brushing) is more difficult. Fatigue worsens

I think that the chronic stress of *gestures at the state of everything* definitely isn't helping me. When I'm dysregulated, it tends to make everything else more difficult + my tendencies of spiraling into despair worsen. Crisis mode intensifies.",1762828338,3763199318103598349_63270999881,DQ5kddujqUN,hawkiiarts,1,0,,,https://www.threads.net/@hawkiiarts/post/DQ5kddujqUN,0,depression,sad,english
"Executive function & ‚Äúthe wall of awful‚Äù. 

Struggling to prioritize & complete basic/essential tasks on the good days, struggling to even know where/how to begin on the bad ones. 

Also, regulating my emotions.

Unsolicited tips & links if desired:

Magnesium glycinate, vit D (10,000IU) folate, vitamins b & 12 for mood regulation.

A *quality* sun lamp - daily. I use a Carex (brand).

Familiarizing yourself w ‚Äúthe wall of awful‚Äù. 

https://youtu.be/Uo08uS904Rg

https://youtu.be/hlObsAeFNVk",1762825700,3763177181632070077_69235592053,DQ5fbViCQG9,tootiredtobemad,4,0,,,https://www.threads.net/@tootiredtobemad/post/DQ5fbViCQG9,0,depression,sad,english
"I wish racialized men were more vocal in the fight against child sexual abuse

The silence is deafening

These white men don't see you are real men and won't ever accept you, so why remain silent to protect them?

Fight hard against it, alongside women and other folks who are vocal

...or we will have no choice but to assume your silence = acceptance",1762797205,3762938152559410151_63608392146,DQ4pFAXEXvn,feministajones,247,0,,,https://www.threads.net/@feministajones/post/DQ4pFAXEXvn,0,depression,sad,english
"$OPEN has ripped +50% since Friday‚Äôs open.

Starting to smell like a major short squeeze. üçã",1762811483,3763057813443131618_63069450921,DQ5ESTPiTji,trendspider,18,0,,,https://www.threads.net/@trendspider/post/DQ5ESTPiTji,0,depression,sad,english
"ICYMI üö®Yes, you read that right. 

To offset climate pollution being created by its AI data centers, Microsoft is buying more than a billion dollars worth of poop üí© and burying it.",1762797537,3762940938607954346_63451764476,DQ4ptjEgImq,stand.earth,11,0,,,https://www.threads.net/@stand.earth/post/DQ4ptjEgImq,0,depression,sad,english
can you see what i‚Äôm saying or do i look crazy,1762749115,3762534742135774154_63127981019,DQ3NWnIEZvK,rejectness,4651,0,,,https://www.threads.net/@rejectness/post/DQ3NWnIEZvK,0,depression,sad,english
"Trump just pardoned the entire 2020 coup cast‚Ä¶Giuliani, Meadows, Powell and 74 more. Fantastic. Nothing screams ‚ÄúI‚Äôm innocent‚Äù‚Ä¶like handing out get-out-of-jail cards to everyone who helped you try to steal an election. Hell of a business model, though.",1762790554,3762882363165614946_63407019490,DQ4cZKcEaNi,therealjackhopkins,3217,0,,,https://www.threads.net/@therealjackhopkins/post/DQ4cZKcEaNi,0,depression,sad,english
"Hi everyone. My name is Victoria and I got a deep depression. I‚Äôm an immigrant from Russia and almost five years I live in the US. I‚Äôm a multi artist, craftswoman, photographer etc. I live with my husband who betrayed me and abused me. I tried to heal myself without any help and medication for depression because my husband never gave me anything, no matter how much pain I had. I try to find a job. For me the best way to have a remote job because I dont have a car and driving skills. I need help",1762803617,3762991937981942155_76219648429,DQ41Tr8EomL,ma_vi_tv,51,0,,,https://www.threads.net/@ma_vi_tv/post/DQ41Tr8EomL,0,depression,sad,english
Where are you and what do you do?,1762812580,3763067124605585094_68704934131,DQ5GZy8EQbG,andrealeemurphy,0,0,,,https://www.threads.net/@andrealeemurphy/post/DQ5GZy8EQbG,0,depression,sad,english
"I live in California and I work on different art projects in the hope that I will be able to earn money from creativity. Photography, painting, embroidery, wall painting, digital painting and design, tattoo sketch design, sculpture, altars making and other",1762812824,3763069177356765131_76219648429,DQ5G3qtkkfL,ma_vi_tv,4,0,,,https://www.threads.net/@ma_vi_tv/post/DQ5G3qtkkfL,0,depression,sad,english
"I am in Pittsburgh,PA",1762812874,3763069596946525230_68704934131,DQ5G9xfEewu,andrealeemurphy,1,0,,,https://www.threads.net/@andrealeemurphy/post/DQ5G9xfEewu,0,depression,sad,english
And you can contemplate a beautiful autumn now! You live in the beautiful city,1762812988,3763070553684050936_76219648429,DQ5HLshEgP4,ma_vi_tv,0,0,,,https://www.threads.net/@ma_vi_tv/post/DQ5HLshEgP4,0,depression,sad,english
–ù–∞–π–¥–∏—Ç–µ –∞–¥–≤–æ–∫–∞—Ç–∞ —á–µ—Ä–µ–∑ –ø—Ä–æ–±–æ–Ω–æ –±–µ—Å–ø–ª–∞—Ç–Ω–∞—è —É—Å–ª—É–≥–∞ –∞–¥–≤–æ–∫–∞—Ç–æ–≤ –∫–æ–º—É –Ω—É–∂–Ω—ã —á–∞—Å—ã –ø—Ä–∞–∫—Ç–∏–∫–∏ —Å –∫–ª–∏–µ–Ω—Ç–∞–º–∏ –∏ –æ—Ñ–æ—Ä–º–∏—Ç–µ —Ä–∞–∑–≤–æ–¥ –∑–∞–π–º–∏—Ç–µ —É –∫–æ–≥–æ —Ç–æ –¥–µ–Ω–µ–≥ –∏ —É–µ–∑–∂–∞–π—Ç–µ –≤ –Ω–æ–≤—ã–π –≥–æ—Ä–æ–¥ —á–µ—Ä–µ–∑ –≥—Ä–µ–π—Ö–∞—É–Ω–¥ —ç—Ç–æ 25-50$ –ø–æ –≤—Å–µ–π —Å—Ç—Ä–∞–Ω–µ –º–æ–∂–Ω–æ –¥–æ–±—Ä–∞—Ç—å—Å—è —Å –æ–¥–Ω–æ–≥–æ –≥–æ—Ä–æ–¥–∞ –Ω–∞ –¥—Ä—É–≥–æ–π,1762812750,3763068551021375651_74961534109,DQ5GujZErCj,ayaom555,5,0,,,https://www.threads.net/@ayaom555/post/DQ5GujZErCj,0,depression,sad,english
"Hi Victoria! 
Let me know how I can help. üôèüèº As a mom of artists, and having spent a couple of years as a volunteer tutor for ESL programs, I offer fully-paid scholarships for my mindset coaching program.  They are available to 2 people at a time and I have one available right now. 
I‚Äôd be honored to work with you. 
Please DM me or on IG ÔÄÄrisetoyouroccasion",1762816996,3763104174922785287_68775681897,DQ5O08vD-IH,calbie4,6,0,,,https://www.threads.net/@calbie4/post/DQ5O08vD-IH,0,depression,sad,english
"Victoria, we are  really sorry you've had to carry all of that alone. You're incredibly strong for still showing up and trying to rebuild, and you deserve support and stability. If you're open to commission based outreach work that you can do completely from home, we'd be happy to guide you and help you get started. No pressure at all feel free to DM us whenever you're ready. You're not alone in this, and there are opportunities meant for people just like you.",1762810082,3763046172689936447_70345308281,DQ5Bo58k7A_,celestnova_solution,6,0,,,https://www.threads.net/@celestnova_solution/post/DQ5Bo58k7A_,0,depression,sad,english
"–û–±—Ä–∞—Ç–∏—Ç–µ—Å—å —Å —Ü–µ–Ω—Ç—Ä—ã –ø–æ–º–æ—â–∏ –∂–µ—Ä—Ç–≤–∞–º –¥–æ–º–∞—à–Ω–µ–≥–æ –Ω–∞—Å–∏–ª–∏—è –≤ –≤–∞—à–µ–π –º–µ—Å—Ç–Ω–æ—Å—Ç–∏. –Ø –≤ —Ç–∞–∫–æ–º —Ä–∞–±–æ—Ç–∞–ª–∞ —Ç—Ä–∏ –≥–æ–¥–∞, –º–æ–≥—É –ø–æ–¥—Å–∫–∞–∑–∞—Ç—å,",1762835752,3763261508575889873_73385226383,DQ5ymdHkQnR,artwithmissfox,1,0,,,https://www.threads.net/@artwithmissfox/post/DQ5ymdHkQnR,0,depression,sad,english
–ê —á—Ç–æ —ç—Ç–æ –∏–∑ —Å–µ–±—è –ø—Ä–µ–¥—Å—Ç–∞–≤–ª—è–µ—Ç?,1762836122,3763264611454888999_76219648429,DQ5zTm5kSwn,ma_vi_tv,0,0,,,https://www.threads.net/@ma_vi_tv/post/DQ5zTm5kSwn,0,depression,sad,english
"Find an abuse shelter, please. I will pray for you.",1762836849,3763270708915683339_69874029212,DQ50sVmjUAL,susannehart73,0,0,,,https://www.threads.net/@susannehart73/post/DQ50sVmjUAL,0,depression,sad,english
"–ü—Ä–∏–≤–µ—Ç! –î–∞–≤–∞–π –ø–æ—Å–º–æ—Ç—Ä—é —á—Ç–æ —É —Ç–µ–±—è —Å –ø—Ä–æ–µ–∫—Ç–∞–º–∏ –∏ —á—Ç–æ –∏ –∫–∞–∫ –º–æ–∂–Ω–æ —É–ø–∞–∫–æ–≤–∞—Ç—å, —á—Ç–æ–±—ã –±—ã–ª–∞ —ç–Ω–µ—Ä–≥–∏—è –∏ –æ—Ç–∫–ª–∏–∫ –¥–≤–∏–≥–∞—Ç—å—Å—è –¥–∞–ª—å—à–µ?",1762816797,3763102497746569254_66879718175,DQ5Ocivkcgm,eva_lillova,2,0,,,https://www.threads.net/@eva_lillova/post/DQ5Ocivkcgm,0,depression,sad,english
Is there anyway you could start asking florists in your area to take photos of their flowers for their websites? Florists need good photos to sell their products and wedding work. You could call them and ask.,1762836248,3763265667203147092_64367950435,DQ5zi-JESVU,flowers_of_joy_llc,0,0,,,https://www.threads.net/@flowers_of_joy_llc/post/DQ5zi-JESVU,0,depression,sad,english
Hi Victoria! How can I help?,1762805715,3763009537464945503_65813299318,DQ45TyvAUtf,itsyourfaave2.0,1,0,,,https://www.threads.net/@itsyourfaave2.0/post/DQ45TyvAUtf,0,depression,sad,english
Hi there! I need to get a remote job. Maybe if you love tattoos I can to create a sketch for your future tattoo. Or I can create something for you? We can talk about that. I need to heal myself because I need to have a chance to move and divorce with the person who is my husband now. I need to have a money for this.,1762810306,3763048052308528657_76219648429,DQ5CEQek04R,ma_vi_tv,3,0,,,https://www.threads.net/@ma_vi_tv/post/DQ5CEQek04R,0,depression,sad,english
–ü–æ–¥–∞–≤–∞–π—Ç–µ –Ω–∞ VAWA,1762835617,3763260372171016202_76855276706,DQ5yV6wjsgK,zapakhurbana,0,0,,,https://www.threads.net/@zapakhurbana/post/DQ5yV6wjsgK,0,depression,sad,english
I took medication for depression for almost forty years until God told me to start exercising which was no easy feat as I have back and knee issues. I stopped taking my depression medication after two weeks and I no long take any medication for depression. When you exercise it releases endorphins in your brain and changes your mindset. I promise you it works. You need to also kick your abusive husband to the curb. I had one of those too. It will be difficult because he wants to control you.,1762836764,3763269997637235148_69874029212,DQ50h_LDXHM,susannehart73,0,0,,,https://www.threads.net/@susannehart73/post/DQ50h_LDXHM,0,depression,sad,english
"üôèüôèüôèin the name of Jesus for Gods healing, blessings, peace and strength for your hurting heart. Do you live in a community with other Russian immigrants with a Russian Orthodox Church? Or any church with a good church family? Reach out for help. You will be surprised at who will help in your community 
‚ù§Ô∏è‚ù§Ô∏è‚ù§Ô∏è",1762816152,3763097088184661601_68511412150,DQ5NN0sjbZh,retired_rog,1,0,,,https://www.threads.net/@retired_rog/post/DQ5NN0sjbZh,0,depression,sad,english
"Thank you. I don‚Äôt live in Russian speaking community and I don‚Äôt visit any churches, because it‚Äôs not my way. But I very appreciate your support. My church in my heart üôè",1762816372,3763098937084527080_76219648429,DQ5NounksHo,ma_vi_tv,1,0,,,https://www.threads.net/@ma_vi_tv/post/DQ5NounksHo,0,depression,sad,english
You are so welcome. I will continue to pray for youüôè‚ù§Ô∏è,1762816501,3763100020472914243_68511412150,DQ5N4fmjaFD,retired_rog,1,0,,,https://www.threads.net/@retired_rog/post/DQ5N4fmjaFD,0,depression,sad,english
Thank you so much üôè,1762816678,3763101501976903270_76219648429,DQ5OODXEn5m,ma_vi_tv,1,0,,,https://www.threads.net/@ma_vi_tv/post/DQ5OODXEn5m,0,depression,sad,english
"@ma_vi_tv 

Victoriaüôè

For Your Care in depression, betrayal, abuse, struggles..

While looking at the Healing Card
Silently, say all your negative thoughts/feelings/emotions, all that troubles & stresses you

Do not have faith/trust/devotion/surrender/reverence 
Do not say positive thoughts
Use utility in doubt/skepticism

Free Download Digital Healing Card
Experiment 30 days & see what shows-up

YouTube Channel ""AlakhGod""
Q&A videos on our existence & why we suffer?

@alakhgod",1762830910,3763220887327838015_67110465322,DQ5pXVogY8_,dheerajgoel.07,2,0,,,https://www.threads.net/@dheerajgoel.07/post/DQ5pXVogY8_,0,depression,sad,english
"Harriett Buhai Center for Family Law: Website:  https://www.hbcfl.org/ 
 (213) 388-7517
Los Angeles Center for Law and Justice: Website:  https://www.laclj.org/ 
(323) 980-3500
Legal Aid Foundation of Los Angeles (LAFLA): 1-800-399-4529 
Online intake:  https://lafla.org/help/
Website:  https://lafla.org/
Levitt & Quinn Family Law Center: (213) 482-1800
www.levittquinn.org
Hotlines for sexual assault, domestic violence, and stalking (24/7):
213-626-3393
310-392-8381
626-793-3385",1762837000,3763271979185925316_63268155537,DQ50-0ojuzE,ksenia.shamis,1,0,,,https://www.threads.net/@ksenia.shamis/post/DQ50-0ojuzE,0,depression,sad,english
"Legal Advocacy Project serving survivors of sexual assault, domestic violence, and stalking:  626-584-6191

Community Legal Aid SoCal
Hotline:  800-834-5001

–ü–æ–ø—Ä–æ–±—É–π—Ç–µ –≤–æ—Ç —ç—Ç–∏ –Ω–æ–º–µ—Ä–∞. –ù–∞–¥–µ—é—Å—å, –∫—Ç–æ-—Ç–æ –∏–∑ –Ω–∏—Ö –í–∞–º –ø–æ–º–æ–∂–µ—Ç. –ù–µ –ø–∞–¥–∞–π—Ç–µ –¥—É—Ö–æ–º! –£–¥–∞—á–∏!",1762837159,3763273311187807062_63268155537,DQ51SNKDqtW,ksenia.shamis,0,0,,,https://www.threads.net/@ksenia.shamis/post/DQ51SNKDqtW,0,depression,sad,english
"Gotta Catch 'Em All
üß¢ Saori Nakamishi, ENCHANTED POK√âREALM : SAORI‚ÄôS YELLOW WHISPERS OF MAGIC AND LOVE, 2021. Available via Galerie Jacob Paulett.",1762800911,3762969206103477656_63255980859,DQ4wI5OiA2Y,artnet,0,0,,,https://www.threads.net/@artnet/post/DQ4wI5OiA2Y,0,depression,sad,english
"One day away from Veteran's Day, the U.S. Marine Corp will be celebrating its 250th birthday! Veteran Hank Ford credits his service dog Tommy with saving his life by alerting him to his dangerously high heart rate.",1762816834,3763102705884739480_63079231911,DQ5OfklkjeY,abc7chicago,6,0,,,https://www.threads.net/@abc7chicago/post/DQ5OfklkjeY,0,depression,sad,english
"A study with data from ~14 million children shows that having COVID19 is significantly more harmful to kids‚Äô hearts than the vaccine. 

Marty Makary falsely alleged that ‚Äúchildren died‚Äù because from COVID19 vaccine. Whomever told him that undoubtedly failed to account for SARS-CoV-2 infections. 

This is the danger of having people with too much confidence and no actual experience in epidemiology in charge of US public health. 

Links below.",1762787718,3762858570070195125_63309424405,DQ4W-7ZEXu1,1elizabeth_jacobs,287,0,,,https://www.threads.net/@1elizabeth_jacobs/post/DQ4W-7ZEXu1,0,depression,sad,english
"üö® JUST IN:

Matheesha Pathirana has deactivated his Instagram account, right after Ravindra Jadeja did the same. üëÄ

Something definitely brewing in the CSK camp ahead of the trade window‚Ä¶ üíõüî•
. 
. 
Matheesha Pathirana, CSK, RR, IPL Trade, RavindraJadeja, IPL News, IPL Updates, Cricketers, CricketNews, Cricket Gyan",1762755751,3762590412235226089_63417053075,DQ3aAt8kjvp,cricketgyanofficial,103,0,,,https://www.threads.net/@cricketgyanofficial/post/DQ3aAt8kjvp,0,depression,sad,english
being an empath and suffering from depression is so overwhelming because wdym i have to feel my own emotions AND everyone else‚Äôs,1762826748,3763185978992055908_70168291399,DQ5hbWtjVZk,lunarmoonmuse,222,0,,,https://www.threads.net/@lunarmoonmuse/post/DQ5hbWtjVZk,0,depression,sad,english
Fr me too. And i always feel bad things before they happen,1762827264,3763190308042273752_73803711002,DQ5iaWdDXPY,maleena_m_,1,0,,,https://www.threads.net/@maleena_m_/post/DQ5iaWdDXPY,0,depression,sad,english
same!! üòÖ,1762828694,3763202303239992542_70168291399,DQ5lI52jTTe,lunarmoonmuse,1,0,,,https://www.threads.net/@lunarmoonmuse/post/DQ5lI52jTTe,0,depression,sad,english
Yea as soon as i feel a vibes off from someone ik its over.,1762828848,3763203596000016129_73803711002,DQ5lbt1DbcB,maleena_m_,1,0,,,https://www.threads.net/@maleena_m_/post/DQ5lbt1DbcB,0,depression,sad,english
ü•πü§çI see you,1762827637,3763193431230058922_63437965317,DQ5jHzJjRGq,obsessedwithc,1,0,,,https://www.threads.net/@obsessedwithc/post/DQ5jHzJjRGq,0,depression,sad,english
ü•∫ü´∂üèº,1762828635,3763201805359371626_70168291399,DQ5lBqKjdVq,lunarmoonmuse,0,0,,,https://www.threads.net/@lunarmoonmuse/post/DQ5lBqKjdVq,0,depression,sad,english
Do you do any shielding? Like with energy or light? üíñ‚ú®Ô∏è,1762827414,3763191564647095638_74990610287,DQ5isowiV1W,quintzee_dentz,2,0,,,https://www.threads.net/@quintzee_dentz/post/DQ5isowiV1W,0,depression,sad,english
"i try to, i need to get better at it üò≠",1762828660,3763202019008795244_70168291399,DQ5lExJDVJs,lunarmoonmuse,1,0,,,https://www.threads.net/@lunarmoonmuse/post/DQ5lExJDVJs,0,depression,sad,english
If you had a bubble what color would it be?,1762829142,3763206057326909256_74990610287,DQ5l_iHkZdI,quintzee_dentz,0,0,,,https://www.threads.net/@quintzee_dentz/post/DQ5l_iHkZdI,0,depression,sad,english
"I feel this. 

‚Ä¶see what I did there?",1762827189,3763189680129715376_68513216124,DQ5iRNqjCyw,hmd_phd,1,0,,,https://www.threads.net/@hmd_phd/post/DQ5iRNqjCyw,0,depression,sad,english
Once you learn shielding and the use of boundaries you gain alot of peace back.,1762830251,3763215359731138138_70519020148,DQ5oG5qEX5a,divinetimehealing,1,0,,,https://www.threads.net/@divinetimehealing/post/DQ5oG5qEX5a,0,depression,sad,english
"Time for some tea, tunes, and solitude my friend! üèÜüèÜüèÜüèÜ",1762830814,3763220088473367862_72302705573,DQ5pLtpEbU2,robnori2,1,0,,,https://www.threads.net/@robnori2/post/DQ5pLtpEbU2,0,depression,sad,english
need this ü•π,1762836208,3763265336641447163_70168291399,DQ5zeKSDeT7,lunarmoonmuse,0,0,,,https://www.threads.net/@lunarmoonmuse/post/DQ5zeKSDeT7,0,depression,sad,english
This ! Also that no one will get me but I‚Äôll get everyone,1762834079,3763247475197826628_77312338579,DQ5vaPhDVZE,purextasy__,1,0,,,https://www.threads.net/@purextasy__/post/DQ5vaPhDVZE,0,depression,sad,english
"Are you a people pleaser?  You have to learn to put yourself first and trust your gut always üíïüá®üá¶
Empaths  attract narcissists",1762829341,3763207724646611134_77601894849,DQ5mXy7kTi-,louie.2560,0,0,,,https://www.threads.net/@louie.2560/post/DQ5mXy7kTi-,0,depression,sad,english
"I hope you're being gentle with yourself. Kasi yung ginagawa mo just surviving this, just showing up for yourself kahit ganyan kalaki yung emotional load that already takes so much strength. You're doing more than enough. ü§ç",1762828745,3763202728097991642_73331132408,DQ5lPFiD8va,froilan.fabi05,1,0,,,https://www.threads.net/@froilan.fabi05/post/DQ5lPFiD8va,0,depression,sad,english
ü§çü§çü§ç,1762836189,3763265175731150529_70168291399,DQ5zb0bDZ7B,lunarmoonmuse,0,0,,,https://www.threads.net/@lunarmoonmuse/post/DQ5zb0bDZ7B,0,depression,sad,english
Obsessed,1762765651,3762673457474806158_64602096088,DQ3s5L2k6GO,jenniekim_content,0,0,,,https://www.threads.net/@jenniekim_content/post/DQ3s5L2k6GO,0,depression,sad,english
"What are climate leaders' hopes for a successful COP30? PeoplePlanetProgress

https://www.weforum.org/stories/2025/11/climate-leaders-vision-for-cop30-from-pledges-to-action/?utm_source=threads&utm_medium=social&utm_campaign=acnc_2025",1762772452,3762730479842670523_63075754240,DQ352-Ejre7,worldeconomicforum,9,0,,,https://www.threads.net/@worldeconomicforum/post/DQ352-Ejre7,0,depression,sad,english
Taylor officially surpassed Madonna as the best selling female artist of all time ‚ù§Ô∏è‚Äçüî•‚ù§Ô∏è‚Äçüî•,1762784280,3762829730782180909_63560412635,DQ4QbQtjPYt,the_naddi,92,0,,,https://www.threads.net/@the_naddi/post/DQ4QbQtjPYt,0,depression,sad,english
"I understand the frustration, but what frustrates me more is how Democrats are always so quick to throw the party in the garbage instead of turning their surplus ire on Republicans, who caused all of these catastrophes in the first place",1762800754,3762967921639408803_63098006305,DQ4v2M-gcSj,andrewgatto,122,0,,,https://www.threads.net/@andrewgatto/post/DQ4v2M-gcSj,0,depression,sad,english
"Heads up. Major life shifts incoming tied to your freedom, abundance, and personal empowerment. Your good karma is part of their bad karma, especially when you did nothing to them. You‚Äôve paid your dues. Now they must repay for double the trouble. Congratulations in advance.",1762774028,3762743728575504476_63378951857,DQ383w6kmBc,rikamaeda,344,0,,,https://www.threads.net/@rikamaeda/post/DQ383w6kmBc,0,depression,sad,english
"My therapist dropped a truth bomb on me:
""high functioning depression is scary as hell because you're very capable of hiding emotions, feelings and thoughts, so no one knows you're not okay and even if you say something no one realises the severity, because you don't seem like someone who is mentally spiralling out of control.""",1739231922,3565258230982232211_63092041786,DF6V3i2O8iT,queenwillow__,13423,0,,,https://www.threads.net/@queenwillow__/post/DF6V3i2O8iT,0,depression,sad,english
"I worked a high stress high level job in medicine for years. Cared deeply about every person I dealt with, was a great wife according to my husband and took care of an aging mother and mother in law among many tiger things. I did it all without blinking and put a damn smile on my face while I was absolutely breaking inside. I‚Äôd mention I wasn‚Äôt feeling ‚Äúlike my happy self‚Äù but nobody worried. One day I did break and it was bad. We‚Äôre talking full on mental breakdown. Nobody understood why.",1739288093,3565729425888158049_63028741709,DF8BAVTOKFh,marnpaw,23,0,,,https://www.threads.net/@marnpaw/post/DF8BAVTOKFh,0,depression,sad,english
"Caring for my mid-stage dementia mom ‚Äî partially, since she lives in assisted living and I come visit from out of town every couple of weeks ‚Äî and running a business as well as trying to date and get healthy and enjoy my amazing city. ""What'd you do this weekend?"" ""Oh, chilled out."" = hid in my apartment and tried to do more than doomscroll and watch YouTube.",1739326197,3566049066338093589_63308840222,DF9JrtqsgoV,chriscolechicago,3,0,,,https://www.threads.net/@chriscolechicago/post/DF9JrtqsgoV,0,depression,sad,english
Facts‚Ä¶sometimes we don‚Äôt even know,1739356742,3566305296789418531_64007926690,DF-D8W3ujIj,angel.houck.3,0,0,,,https://www.threads.net/@angel.houck.3/post/DF-D8W3ujIj,0,depression,sad,english
"I have a secundairy depression cause of chronic pain. You could also call that high functioning, reading what that entails. I recognized a lot in this post. People don‚Äôt even take you seriously if you do tell them you in need. After 11 years I‚Äôm sometimes ready to give up. That was called ‚Äòbullshit‚Äô by my stepdad. That hurts a damn lot. I‚Äôm getting punished for holding on so long, so my pain and depression aren‚Äôt real. I have endometriosis and no cure.",1739272654,3565599917809507209_64123273188,DF7jjvgMpuJ,mulder.heidi,9,0,,,https://www.threads.net/@mulder.heidi/post/DF7jjvgMpuJ,0,depression,sad,english
"I‚Äôm sorry you‚Äôre going through all that, I can definitely relate. Try to take care of yourself.‚ù§Ô∏è",1739296365,3565798819122041347_65220048869,DF8QyIyRtID,mel_anne3,1,0,,,https://www.threads.net/@mel_anne3/post/DF8QyIyRtID,0,depression,sad,english
Thank you for your kindnessüíï. I‚Äôm sorry to hear you are in a difficult situation tooüòû. I hope you take care to and I hope you have support. Much strength and love‚ù§Ô∏è,1739296668,3565801360323737582_64123273188,DF8RXHds3fu,mulder.heidi,1,0,,,https://www.threads.net/@mulder.heidi/post/DF8RXHds3fu,0,depression,sad,english
What you are describing is called bi polar. As someone dealt with this I promise there are very very very very overt signs of depression. There hasn‚Äôt been one situation in my entire life where it spiraled out of nowhere.,1739257576,3565473432332410981_63376743183,DF7GzIuRCBl,melchizedek.constantine,12,0,,,https://www.threads.net/@melchizedek.constantine/post/DF7GzIuRCBl,0,depression,sad,english
With you ü´∂üèº,1739272012,3565594527697947239_71919064080,DF7iVTkg0pn,mamainthemargins,1,0,,,https://www.threads.net/@mamainthemargins/post/DF7iVTkg0pn,0,depression,sad,english
"Yeah, I guess people won't get it until I'm gone",1740355889,3574686745439194888_72153552654,DGb1qfNM08I,19choctaw84,0,0,,,https://www.threads.net/@19choctaw84/post/DGb1qfNM08I,0,depression,sad,english
I didn't even realize that I was suffering from depression and anxiety and one night after drinking heavily I attempted suicide and tried blowing my head off.  Fortunately it was unsuccessful.,1740842636,3578769875477966213_68161773604,DGqWD2Yu62F,shaneleishman,0,0,,,https://www.threads.net/@shaneleishman/post/DGqWD2Yu62F,0,depression,sad,english
I gave an A+ presentation the day before I tried to off myself soooo yeah I feel this,1739247785,3565391301819210962_70943796814,DF60H-uM5zS,m.s.grace.writes,0,0,,,https://www.threads.net/@m.s.grace.writes/post/DF60H-uM5zS,0,depression,sad,english
I resemble this remark.,1739289541,3565741571976638211_63081572571,DF8DxFOgq8D,knschwarz,0,0,,,https://www.threads.net/@knschwarz/post/DF8DxFOgq8D,0,depression,sad,english
"Ted Bundy, everybody loved him",1739311303,3565924125078004585_71613703187,DF8tRlDRSNp,sgreen262,0,0,,,https://www.threads.net/@sgreen262/post/DF8tRlDRSNp,0,depression,sad,english
"It killed my brother, we only realised he had been suffering all his life when it was too late. RIP",1739272979,3565602643940847823_63266603569,DF7kLaaSbDP,stevemudge7,0,0,,,https://www.threads.net/@stevemudge7/post/DF7kLaaSbDP,0,depression,sad,english
"High functioning depression is a storm behind a calm face. It hides in the quiet of a brave smile, whispering pain too deep for words. As an addiction and mental health specialist I see the silent battles fought every day. We must honour every hidden struggle, for acknowledging these unseen wounds is the beginning of true healing.",1739245177,3565369423416855717_68104970629,DF6vJm3zQyl,soulwordsbyamit,227,0,,,https://www.threads.net/@soulwordsbyamit/post/DF6vJm3zQyl,0,depression,sad,english
Every single day,1739291703,3565759709736373072_64566188587,DF8H5BVPItQ,shanzee12,0,0,,,https://www.threads.net/@shanzee12/post/DF8H5BVPItQ,0,depression,sad,english
High functioning depression.  Wow that‚Äôs a new one,1740055862,3572169938309557349_72503088369,DGS5aH6RSxl,007brenttfr,0,0,,,https://www.threads.net/@007brenttfr/post/DGS5aH6RSxl,0,depression,sad,english
True words üëåüíØ‚ù§Ô∏è,1739646354,3568734735004536639_71918215264,DGGsVVhiw8_,ihirdman,1,0,,,https://www.threads.net/@ihirdman/post/DGGsVVhiw8_,0,depression,sad,english
Wow - that‚Äôs such an accurate description. üíî,1739272207,3565596166885519494_70630959632,DF7itKLtLCG,home_of_magda,0,0,,,https://www.threads.net/@home_of_magda/post/DF7itKLtLCG,0,depression,sad,english
"That‚Äôs the painful truth about high-functioning depression. When you're the one who ""has it all together,"" people assume you're fine, even when you're drowning inside. You can show up, perform, and meet expectations, all while carrying an invisible weight that no one sees.

This is why self-awareness and support systems are crucial. Just because someone seems okay doesn‚Äôt mean they are. You deserve rest, support, and healing just as much as anyone else.",1739256310,3565462808634181825_70879696170,DF7EYiogcjB,thevisionher,238,0,,,https://www.threads.net/@thevisionher/post/DF7EYiogcjB,0,depression,sad,english
If only the people around us actually knew what was going on inside our heads.,1739243901,3565358721556031429_69267611918,DF6st3_MCfF,garthangel,17,0,,,https://www.threads.net/@garthangel/post/DF6st3_MCfF,0,depression,sad,english
"And if they do, they still wouldn't do anything... That's even sadder.",1739253472,3565439002784070232_70056635635,DF6--HtRHpY,diana_kizz,2,0,,,https://www.threads.net/@diana_kizz/post/DF6--HtRHpY,0,depression,sad,english
Oh I've been struggling recently with this too.,1739251949,3565426226204467943_69102822376,DF68EMlx2Ln,jyneeb,2,0,,,https://www.threads.net/@jyneeb/post/DF68EMlx2Ln,0,depression,sad,english
What a rude c___.,1739337188,3566141262474003863_63081854467,DF9epWAoEWX,lucifersurn,0,0,,,https://www.threads.net/@lucifersurn/post/DF9epWAoEWX,0,depression,sad,english
"Telling people I'm drowning is tough because they tend not to see it. I have to repeat ""you should know it's bad if I'm telling you.""",1739305001,3565871260162117721_65963456006,DF8hQSwvNBZ,insomniac.tales.original,3,0,,,https://www.threads.net/@insomniac.tales.original/post/DF8hQSwvNBZ,0,depression,sad,english
That‚Äôs what killed my son üíî,1739293103,3565771453829466079_70590391730,DF8Kj63u8ff,maggiehof55,0,0,,,https://www.threads.net/@maggiehof55/post/DF8Kj63u8ff,0,depression,sad,english
"This is what clinical depression looks like.
It‚Äôs not always crying in the corner or staying in bed all day. Sometimes, it‚Äôs avoiding friends you used to love hanging out with. It‚Äôs losing interest in the hobbies that once made you feel alive. It‚Äôs eating more than usual ‚Äì not because you‚Äôre hungry, but because it‚Äôs the only thing that feels comforting for a while.",1762660590,3761792140084077614_70654215609,DQ0kgVEkWQu,farrahveav,268,0,,,https://www.threads.net/@farrahveav/post/DQ0kgVEkWQu,0,depression,sad,english
"I‚Äôve gained weight, I can‚Äôt focus at work, and my back hurts almost every day. It‚Äôs not just tiredness ‚Äì it‚Äôs the weight of everything I keep carrying silently. Please remember: people who seem ‚Äúokay‚Äù might still be fighting a quiet battle. Be kind, always. üíô",1762660608,3761792296699425547_70654215609,DQ0kim7kfML,farrahveav,19,0,,,https://www.threads.net/@farrahveav/post/DQ0kim7kfML,0,depression,sad,english
üò¢ü´Çü´Ç,1762681655,3761968848057915765_69428190342,DQ1MrxMk9l1,via_0410_,1,0,,,https://www.threads.net/@via_0410_/post/DQ1MrxMk9l1,0,depression,sad,english
"On this day in 2022, India fell to England by 10 wickets in the T20 World Cup semifinal. üíî

Since then, the Men in Blue have risen stronger than ever ‚Äî dominating every ICC tournament that followed. üáÆüá≥üî•

#TeamIndia #Cricket #OTD #Sportskeeda",1762771357,3762721320296485763_63478265328,DQ33xrlD5OD,sportskeedacricket,100,0,,,https://www.threads.net/@sportskeedacricket/post/DQ33xrlD5OD,0,depression,sad,english
"The @unitednations will not give up on the 1.5 degrees goal.

The challenge is immense, but the choices are clear.

We need to move faster ‚Äì and move together.

Let's ignite a decade of climate action acceleration & delivery.",1762779671,3762791063611410795_63447281172,DQ4HolGkolr,antonioguterres,156,0,,,https://www.threads.net/@antonioguterres/post/DQ4HolGkolr,0,depression,sad,english
I temporarily left the Democratic Party in 2010 when they killed the ACA‚Äôs public option to keep conservatives happy and to protect the insurance industry. That was the tell. You only need to watch who a party backs down for to understand who it serves.,1762799703,3762959103074235859_63253932038,DQ4t14DD_XT,joshgammon77,13,0,,,https://www.threads.net/@joshgammon77/post/DQ4t14DD_XT,0,depression,sad,english
Obsessed,1762765651,3762673457474806158_64602096088,DQ3s5L2k6GO,jenniekim_content,0,0,,,https://www.threads.net/@jenniekim_content/post/DQ3s5L2k6GO,0,depression,sad,english
"The gas station and general store in Cogar is great photo op., it was made was made famous in the 1988 movie Rain Man. The town of Cogar post office was founded in 1902 and closed in 1954.  I read an article about Cogar that said this cabin was the oldest structure in the area, built sometime in the 1890's.  Not much left of the town now.",1762815164,3763088800088945849_63445317780,DQ5LVNzjXS5,thefatokie,17,0,,,https://www.threads.net/@thefatokie/post/DQ5LVNzjXS5,0,depression,sad,english
The reason Trump thinks Obama is making royalties from Obamacare is because Trump would never do something that benefited millions of Americans unless he got royalties from it.,1762816245,3763097871639023177_63236708853,DQ5NZOWEo5J,martinldart,14961,0,,,https://www.threads.net/@martinldart/post/DQ5NZOWEo5J,0,depression,sad,english
Suresh Raina sends a message to CSK during the ongoing trade drama!,1762774017,3762743633254613431_63054399813,DQ382YJAQG3,cricshadow,251,0,,,https://www.threads.net/@cricshadow/post/DQ382YJAQG3,0,depression,sad,english
Obsessed,1762765651,3762673457474806158_64602096088,DQ3s5L2k6GO,jenniekim_content,0,0,,,https://www.threads.net/@jenniekim_content/post/DQ3s5L2k6GO,0,depression,sad,english
Air fryer crumbed eggplant with broccolini and cucumber,1762749932,3762541601601247862_63057243361,DQ3O6bgElp2,helenscchin,4,0,,,https://www.threads.net/@helenscchin/post/DQ3O6bgElp2,0,depression,sad,english
"A study with data from ~14 million children shows that having COVID19 is significantly more harmful to kids‚Äô hearts than the vaccine. 

Marty Makary falsely alleged that ‚Äúchildren died‚Äù because from COVID19 vaccine. Whomever told him that undoubtedly failed to account for SARS-CoV-2 infections. 

This is the danger of having people with too much confidence and no actual experience in epidemiology in charge of US public health. 

Links below.",1762787718,3762858570070195125_63309424405,DQ4W-7ZEXu1,1elizabeth_jacobs,287,0,,,https://www.threads.net/@1elizabeth_jacobs/post/DQ4W-7ZEXu1,0,depression,sad,english
"Depression is such a wild thing because I‚Äôve been depressed for probably 90% of year and very few people would have ever guessed.

I‚Äôm in a season of trying my hardest not to just push everything under the rug. ü•≤

It‚Äôs a very interesting dynamic to feel complete and utter sadness during times where people just assume you‚Äôre at your best because of what you have or have accomplished.

I‚Äôm always happy & sad simultaneously. Weird.",1762812491,3763066377708842665_63027607780,DQ5GO7VjS6p,jancechartae,42,0,,,https://www.threads.net/@jancechartae/post/DQ5GO7VjS6p,0,depression,sad,english
Hang in there ‚ù§Ô∏è‚ù§Ô∏è‚ù§Ô∏è‚ù§Ô∏è sending all the love your way,1762813227,3763072549862122694_63419219679,DQ5HovmjiTG,therichandrawgirl,2,0,,,https://www.threads.net/@therichandrawgirl/post/DQ5HovmjiTG,0,depression,sad,english
"Girl!!!!

Overstimulated.
Nervous system is wrecked.

Grateful but feel guilty when it feels like things are missing. 

It‚Äôs a mind f*ck",1762813000,3763070651386205024_63251663388,DQ5HNHgkpNg,iamalanamarie,2,0,,,https://www.threads.net/@iamalanamarie/post/DQ5HNHgkpNg,0,depression,sad,english
üíØ. I realized I‚Äôm just totally heartsick with society. Rawdogging ADHD as well ü•¥,1762824879,3763170294685930435_63226646891,DQ5d3HkDpPD,angelisa.allheart,0,0,,,https://www.threads.net/@angelisa.allheart/post/DQ5d3HkDpPD,0,depression,sad,english
‚ù§Ô∏è YouTube progressive muscle relaxation it may help along the way,1762814786,3763085628616793586_63449617213,DQ5KnEJFN3y,shandelshand.co,1,0,,,https://www.threads.net/@shandelshand.co/post/DQ5KnEJFN3y,0,depression,sad,english
Sending love and hugs Jance!! You‚Äôre just an awesome person I‚Äôve learned from afar!,1762814017,3763079182835373349_63283785721,DQ5JJRCkdUl,znoravenueboutique,0,0,,,https://www.threads.net/@znoravenueboutique/post/DQ5JJRCkdUl,0,depression,sad,english
Hey @jancechartae  I‚Äôve watched you for some time. I would have never guessed you struggled with depression. I use to struggle with depression as well and still be dead in my hustle. I was what you called HIGH FUNCTIONING depressed person who ran basically off survival. I started seeing  a therapist and started going to the gym to improve my mental health. It has worked wonders for me you should try it! Also check out my brand gym brat it is geared towards women like you and me !,1762819885,3763128404007574927_63578190708,DQ5UVh1Dd2P,curiously_denayafit,2,0,,,https://www.threads.net/@curiously_denayafit/post/DQ5UVh1Dd2P,0,depression,sad,english
"I was just in this thought today. I had a very cathartic crying session where I allowed the waves of heaviness to just crash over me. It was painful and beautiful and I exhaled for a moment. This year has been brutal (for many reasons). Right there with you, sis ü´∂üèΩü©∑",1762824822,3763169816761790169_63226646891,DQ5dwKdju7Z,angelisa.allheart,1,0,,,https://www.threads.net/@angelisa.allheart/post/DQ5dwKdju7Z,0,depression,sad,english
"I see you Jance and I totally understand. I‚Äôve avoided saying the word depressed. But I‚Äôve felt waves of sadness out of nowhere too. I have no words, but I‚Äôm praying for you. ‚ù§Ô∏è",1762833668,3763244029602216057_66511225085,DQ5uoGjjLh5,attorney.amberd,0,0,,,https://www.threads.net/@attorney.amberd/post/DQ5uoGjjLh5,0,depression,sad,english
"In the name of Jesus may all depression, anxiety and stress flee. May the Lord fill your cup and may it overflow of his goodness. May the emptiness be filled by his presence. I pray for God to meet you in a  super natural way, in a way you have never experienced before so that it would undeniable. May the peace of the Lord cover you from the top of your head to the bottom of your feet. May you come to a surrender and lay it all his feet. In the mighty name of Jesus I pray. Amen. üíõ",1762827870,3763195386715533674_63406556624,DQ5jkQVkXFq,jaclyn.baltazar,6,0,,,https://www.threads.net/@jaclyn.baltazar/post/DQ5jkQVkXFq,0,depression,sad,english
Jance I want you to know that if you stop coaching tomorrow you have literally done enough but thank you for all of the information you have genuinely poured into your community REAL actionable steps not no damn inspiration praying joy and stillness finds its way back to you üôèüèæü´∂üèæ,1762812740,3763068471505469132_63059621303,DQ5GtZVjj7M,just.amburly,1,0,,,https://www.threads.net/@just.amburly/post/DQ5GtZVjj7M,0,depression,sad,english
I understand!,1762835103,3763256061491793822_75690342721,DQ5xXMIDc-e,tee_leaves,0,0,,,https://www.threads.net/@tee_leaves/post/DQ5xXMIDc-e,0,depression,sad,english
Sending you a ((hug)) ü©∑,1762813148,3763071889040323777_63377422252,DQ5HfIKgbTB,drteneka,0,0,,,https://www.threads.net/@drteneka/post/DQ5HfIKgbTB,0,depression,sad,english
Sameü•≤,1762814154,3763080328064619993_68179955831,DQ5JZ7njVXZ,thebrandpriestess,1,0,,,https://www.threads.net/@thebrandpriestess/post/DQ5JZ7njVXZ,0,depression,sad,english
251109 TWICE 6TH World Tour ( Melbourne ),1762766913,3762684041096315797_63308049721,DQ3vTMnk8OV,dahyun_dubu7,21,0,,,https://www.threads.net/@dahyun_dubu7/post/DQ3vTMnk8OV,0,depression,sad,english
"Toothless Tabitha from a Season Eight promotional pic.

#Bewitched #ErinMurphy #TabithaStephens #BewitchedHistoryBook",1762751358,3762553559477840060_63276268143,DQ3RocJDui8,bewitchedhistorybook,64,0,,,https://www.threads.net/@bewitchedhistorybook/post/DQ3RocJDui8,0,depression,sad,english
Tesla (TSLA) sees worst sales performance in China in years https://electrek.co/2025/11/10/tesla-tsla-worst-sales-performance-in-china-in-years/?utm_source=dlvr.it&utm_medium=threads,1762792838,3762901485097635566_63462002717,DQ4gvbICM7u,electrek.co,35,0,,,https://www.threads.net/@electrek.co/post/DQ4gvbICM7u,0,depression,sad,english
251109 TWICE 6TH World Tour ( Melbourne ),1762766956,3762684405698756546_63308049721,DQ3vYgLk3_C,dahyun_dubu7,22,0,,,https://www.threads.net/@dahyun_dubu7/post/DQ3vYgLk3_C,0,depression,sad,english
"Minnesota will soon host one of the country‚Äôs biggest solar farms ‚Äî and soon after, a huge battery storage cluster too.
https://www.canarymedia.com/articles/energy-storage/xcel-minnesota-increase-battery-solar-sherco",1762785614,3762840898485763019_63086134580,DQ4S9xcjjvL,canarymediainc,7,0,,,https://www.threads.net/@canarymediainc/post/DQ4S9xcjjvL,0,depression,sad,english
"Depression: ‚ÄúDon‚Äôt post‚Äù
ADHD: ‚ÄúPost everything‚Äù
Anxiety: ‚ÄúDelete it immediately.‚Äù",1757861346,3721533164973014415_63370650638,DOlirIuDT2P,hyprdrvn,14062,0,,,https://www.threads.net/@hyprdrvn/post/DOlirIuDT2P,0,depression,sad,english
in that order too lol,1758590471,3727649508470688534_69819099956,DO7RXpfjgsW,ekalbeiluj,1,0,,,https://www.threads.net/@ekalbeiluj/post/DO7RXpfjgsW,0,depression,sad,english
Felt this to my core: Personally & Professionally (in Marketing). üòÖ,1758917678,3730394317178711461_63285253638,DPFBd3zkq2l,beram86,1,0,,,https://www.threads.net/@beram86/post/DPFBd3zkq2l,0,depression,sad,english
This is the take of the century,1758892984,3730187168901044583_69577037275,DPESXd8ERln,devinfrostttt,1,0,,,https://www.threads.net/@devinfrostttt/post/DPESXd8ERln,0,depression,sad,english
I‚Äôve never been better represented in 3 short lines‚Ä¶üòÆ‚Äçüí®ü§¶üèæ‚Äç‚ôÄÔ∏è,1758048934,3723106768454525124_63272771670,DOrIeFKlaDE,nerdbae82,1,0,,,https://www.threads.net/@nerdbae82/post/DOrIeFKlaDE,0,depression,sad,english
What's a term when you do all of it at once?,1757946170,3722244720744922525_63143958289,DOoEdorEv2d,echoesofsandhya,1,0,,,https://www.threads.net/@echoesofsandhya/post/DOoEdorEv2d,0,depression,sad,english
Monday.,1757946394,3722246597158748578_63370650638,DOoE48ODcGi,hyprdrvn,1,0,,,https://www.threads.net/@hyprdrvn/post/DOoE48ODcGi,0,depression,sad,english
"For me it‚Äôs ADHD : don‚Äôt post until it‚Äôs perfect. 
Also ADHD : post everything, everywhere. 
Also ADHD : Why TF did I post that. Everyone hates you. 
Anxiety : let‚Äôs do all the above with catastrophic overthinking",1757918670,3722014033873539061_63131337792,DOnQAsyDQ_1,little_edwardian_semi,56,0,,,https://www.threads.net/@little_edwardian_semi/post/DOnQAsyDQ_1,0,depression,sad,english
lol pretty much!,1758917218,3730390464138950427_76849676362,DPFAlzYgbcb,krowndlocs,0,0,,,https://www.threads.net/@krowndlocs/post/DPFAlzYgbcb,0,depression,sad,english
"AND, yall guess what?? YOU NEVER KNOW WHICH ONE YOU‚ÄôRE GONNA GET. And guess what else? NEITHER DO I. ü§™ü§™ü§™",1758914269,3730365720992788854_63072266918,DPE69viEbF2,jakewrightal,0,0,,,https://www.threads.net/@jakewrightal/post/DPE69viEbF2,0,depression,sad,english
Eerily Accurate,1757888111,3721757689975544854_63024750948,DOmVuZ7EhwW,jillbadonsky,3,0,,,https://www.threads.net/@jillbadonsky/post/DOmVuZ7EhwW,0,depression,sad,english
Oh I do all of these ü§£ü§£ü§£,1758881249,3730088734760321994_66783236742,DPD7_EAE0PK,siren_jess_,0,0,,,https://www.threads.net/@siren_jess_/post/DPD7_EAE0PK,0,depression,sad,english
"Constantly. Have all 3 too, with a possible side of asd. I cycle through this alot....all within 10 minutes sometimes, lol",1758031260,3722958506082287852_64008183060,DOqmwlEjcDs,steph.mondeau,0,0,,,https://www.threads.net/@steph.mondeau/post/DOqmwlEjcDs,0,depression,sad,english
Yes..,1757921625,3722038822335992472_70927965704,DOnVpa1jNKY,roivainen.henna,0,0,,,https://www.threads.net/@roivainen.henna/post/DOnVpa1jNKY,0,depression,sad,english
"What if I posted , later delete it , sometimes I set my account private and sometimes public ?",1757890516,3721777856667176647_74530727611,DOmaT3nj87H,kennylooi_,4,0,,,https://www.threads.net/@kennylooi_/post/DOmaT3nj87H,0,depression,sad,english
"same, is that then all 3 together? HAHA",1757939156,3722185880078133180_65302141322,DOn3FZCCCe8,xmelxanxiex,1,0,,,https://www.threads.net/@xmelxanxiex/post/DOn3FZCCCe8,0,depression,sad,english
"All three. üòÇfirst you don‚Äôt post, then post everything, lastly delete. üòÜ",1757947787,3722258288688029763_74688511837,DOoHjEzgOBD,hines_reena,0,0,,,https://www.threads.net/@hines_reena/post/DOoHjEzgOBD,0,depression,sad,english
All 3 makes you feel stuck most times if I am not careful.,1757975343,3722489443258458453_76713517946,DOo8G0Rj-FV,my_life_with_audhd,0,0,,,https://www.threads.net/@my_life_with_audhd/post/DOo8G0Rj-FV,0,depression,sad,english
"My brain: chaos coordinator, at your service!",1758006766,3722753037715687320_73617550036,DOp4CnvjMeY,missy.rubby,0,0,,,https://www.threads.net/@missy.rubby/post/DOp4CnvjMeY,0,depression,sad,english
No wonder I posted so much. Then I hide the post when many people responded to it.,1757868991,3721597293742238458_68371084724,DOlxQVSj6r6,sharifahsharina80,13,0,,,https://www.threads.net/@sharifahsharina80/post/DOlxQVSj6r6,0,depression,sad,english
üôàü©∑,1757904331,3721893747047844641_76943912047,DOm0qS8iMsh,okifotopullupp0,0,0,,,https://www.threads.net/@okifotopullupp0/post/DOm0qS8iMsh,0,depression,sad,english
My life in three acts.,1757876391,3721659372486664129_63627744820,DOl_XsoEh_B,sally__37,8,0,,,https://www.threads.net/@sally__37/post/DOl_XsoEh_B,0,depression,sad,english
"Listen to ADHD, dropkick the other two when they speak up (at least that‚Äôs what I keep telling myself)",1757864660,3721560963905823119_76639412345,DOlo_qfkSGP,askautumneverett,10,0,,,https://www.threads.net/@askautumneverett/post/DOlo_qfkSGP,0,depression,sad,english
Af,1758849474,3729822182084225839_65798173864,DPC_YNegKsv,vinyltapestries,1,0,,,https://www.threads.net/@vinyltapestries/post/DPC_YNegKsv,0,depression,sad,english
"Depression Awareness Month. 

#depressionhelp #depressionawareness #depressionsupport #depressionandanxiety #mentalhealth #mentalhealthawareness #mentalhealthmatters #mentalillness",1760806322,3746237418904008000_63387358002,DP9TxWGDLVA,fightthroughmentalhealth,603,0,,,https://www.threads.net/@fightthroughmentalhealth/post/DP9TxWGDLVA,0,depression,sad,english
Exactly,1760808944,3746259407324752277_65345619524,DP9YxUaDqmV,tootsky62,2,0,,,https://www.threads.net/@tootsky62/post/DP9YxUaDqmV,0,depression,sad,english
Thank you for spreading awareness!,1760820550,3746356764158469018_76623701531,DP9u6DBjCOa,monika.angelova.97,2,0,,,https://www.threads.net/@monika.angelova.97/post/DP9u6DBjCOa,0,depression,sad,english
üíØ,1760816870,3746325901085946713_63421570145,DP9n47jErNZ,heyjayceejay,2,0,,,https://www.threads.net/@heyjayceejay/post/DP9n47jErNZ,0,depression,sad,english
Awesomeness Awareness,1760831497,3746448597286986942_71859485082,DP-DyZSjSS-,stopworkplacebulliescom,1,0,,,https://www.threads.net/@stopworkplacebulliescom/post/DP-DyZSjSS-,0,depression,sad,english
I doubt if the medications really help. Day by day punching/kicking things and people that irritate me become a habit,1760890272,3746941636388749482_75901036199,DP_z5DvEoCq,fariz.benz,3,0,,,https://www.threads.net/@fariz.benz/post/DP_z5DvEoCq,0,depression,sad,english
I didn't realize I have inadvertently been celebrating... :(,1761008442,3747932916778250552_67542442229,DQDVSFij7E4,nathancroftauthor,0,0,,,https://www.threads.net/@nathancroftauthor/post/DQDVSFij7E4,0,depression,sad,english
üïäÔ∏èüçÉü§ç,1762470091,3760194118137124803_77915998157,DQu5KDKE5fD,drafted_notes405,0,0,,,https://www.threads.net/@drafted_notes405/post/DQu5KDKE5fD,0,depression,sad,english
yes,1760926087,3747242080566759436_77796993545,DQA4NGLk9AM,curious0mind,0,0,,,https://www.threads.net/@curious0mind/post/DQA4NGLk9AM,0,depression,sad,english
"ùêéùêß ùê≠ùê°ùê¢ùê¨ ùêùùêöùê≤ ùê¢ùêß ùüêùüéùüêùüé üèÜ

Five trophies. One leader. Endless dominance. üí™

Rohit Sharma guided Mumbai Indians to their fifth IPL title, cementing their legacy as one of the greatest IPL dynasties ever! üíôüî•

#IPL #RohitSharma #MumbaiIndians #SKC #Sportskeeda",1762749134,3762534905092711692_63478265328,DQ3NY-5DyUM,sportskeedacricket,151,0,,,https://www.threads.net/@sportskeedacricket/post/DQ3NY-5DyUM,0,depression,sad,english
"Speaker Mike Johnson, walking back to his office, again would not commit to holding a vote in the House on the Affordable Care Act subsidies -- someth",1762825233,3763173161576851697_63079231911,DQ5eg1kEmjx,abc7chicago,19,0,,,https://www.threads.net/@abc7chicago/post/DQ5eg1kEmjx,0,depression,sad,english
Home,1762814280,3763081391438156789_63242717827,DQ5JpZ9jdP1,ceaese,7,0,,,https://www.threads.net/@ceaese/post/DQ5JpZ9jdP1,0,depression,sad,english
Obsessed,1762765651,3762673457474806158_64602096088,DQ3s5L2k6GO,jenniekim_content,0,0,,,https://www.threads.net/@jenniekim_content/post/DQ3s5L2k6GO,0,depression,sad,english
"üá∫üá∏ President Trump just said:

""All money left over from the $2000 payments made to low and middle income USA Citizens"" ... ""will be used to SUBSTANTIALLY PAY DOWN NATIONAL DEBT""",1762789640,3762874688444652851_63402783888,DQ4apezDV0z,stockmktnewz,76,0,,,https://www.threads.net/@stockmktnewz/post/DQ4apezDV0z,0,depression,sad,english
"Rita Hayworth ‚ÄúYou Were Never Lovelier‚Äù 1942

You Were Never Lovelier is a 1942 American musical romantic comedy film directed by William A. Seiter and starring Fred Astaire and Rita Hayworth.",1762749175,3762535239152060422_63407372320,DQ3Nd2AjEgG,artdeco.joe,79,0,,"['https://instagram.fala4-3.fna.fbcdn.net/o1/v/t2/f2/m86/AQOO2nWxiwj9cSgT8BflFAlIcbEene6kRz02fuS6RVRGzDpVVDRQ4MNsirgiVNWLPtq084nTdVmwNT6vR05weicjaKlg37qnwuC3Aqc.mp4?_nc_cat=110&_nc_oc=AdmPcZ6Xu7MpQsJU86_NcQ4GkptJ15RrdK6_JOeD4O5PdEgvxqWfEyZJq--bg7tA87A&_nc_sid=5e9851&_nc_ht=instagram.fala4-3.fna.fbcdn.net&_nc_ohc=eZ9tXDuYHj0Q7kNvwHt0rIs&efg=eyJ2ZW5jb2RlX3RhZyI6Inhwdl9wcm9ncmVzc2l2ZS5JTlNUQUdSQU0uRkVFRC5DMy43MjAuZGFzaF9iYXNlbGluZV8xX3YxIiwieHB2X2Fzc2V0X2lkIjo3OTEzNjI0MzA1NzA0MzIsImFzc2V0X2FnZV9kYXlzIjoxLCJ2aV91c2VjYXNlX2lkIjoxMDA5OSwiZHVyYXRpb25fcyI6MTMsInVybGdlbl9zb3VyY2UiOiJ3d3cifQ%3D%3D&ccb=17-1&vs=c4fdf593259eb257&_nc_vs=HBksFQIYUmlnX3hwdl9yZWVsc19wZXJtYW5lbnRfc3JfcHJvZC9BMjQyNENEQTE0MUM3MjMyOThCRThGNkEzRjk0NDhBMF92aWRlb19kYXNoaW5pdC5tcDQVAALIARIAFQIYOnBhc3N0aHJvdWdoX2V2ZXJzdG9yZS9HRnpRb0NJREtwSTM3ZmNFQU5VUU0wTWN4M2hpYnN0VEFRQUYVAgLIARIAKAAYABsCiAd1c2Vfb2lsATEScHJvZ3Jlc3NpdmVfcmVjaXBlATEVAAAmgL-Aya3v5wIVAigCQzMsF0Aq7peNT987GBJkYXNoX2Jhc2VsaW5lXzFfdjERAHXqB2XmnQEA&_nc_gid=flJ4r5KCYOPYRKBNWg__Bw&_nc_zt=28&oh=00_Afh7ttpL6jGohXDaEOYpbR__A4Vlcx-jwGfu5ZLiPLmLTw&oe=6914A4B7', 'https://instagram.fala4-3.fna.fbcdn.net/o1/v/t2/f2/m86/AQOO2nWxiwj9cSgT8BflFAlIcbEene6kRz02fuS6RVRGzDpVVDRQ4MNsirgiVNWLPtq084nTdVmwNT6vR05weicjaKlg37qnwuC3Aqc.mp4?_nc_cat=110&_nc_oc=AdmPcZ6Xu7MpQsJU86_NcQ4GkptJ15RrdK6_JOeD4O5PdEgvxqWfEyZJq--bg7tA87A&_nc_sid=5e9851&_nc_ht=instagram.fala4-3.fna.fbcdn.net&_nc_ohc=eZ9tXDuYHj0Q7kNvwHt0rIs&efg=eyJ2ZW5jb2RlX3RhZyI6Inhwdl9wcm9ncmVzc2l2ZS5JTlNUQUdSQU0uRkVFRC5DMy43MjAuZGFzaF9iYXNlbGluZV8xX3YxIiwieHB2X2Fzc2V0X2lkIjo3OTEzNjI0MzA1NzA0MzIsImFzc2V0X2FnZV9kYXlzIjoxLCJ2aV91c2VjYXNlX2lkIjoxMDA5OSwiZHVyYXRpb25fcyI6MTMsInVybGdlbl9zb3VyY2UiOiJ3d3cifQ%3D%3D&ccb=17-1&vs=c4fdf593259eb257&_nc_vs=HBksFQIYUmlnX3hwdl9yZWVsc19wZXJtYW5lbnRfc3JfcHJvZC9BMjQyNENEQTE0MUM3MjMyOThCRThGNkEzRjk0NDhBMF92aWRlb19kYXNoaW5pdC5tcDQVAALIARIAFQIYOnBhc3N0aHJvdWdoX2V2ZXJzdG9yZS9HRnpRb0NJREtwSTM3ZmNFQU5VUU0wTWN4M2hpYnN0VEFRQUYVAgLIARIAKAAYABsCiAd1c2Vfb2lsATEScHJvZ3Jlc3NpdmVfcmVjaXBlATEVAAAmgL-Aya3v5wIVAigCQzMsF0Aq7peNT987GBJkYXNoX2Jhc2VsaW5lXzFfdjERAHXqB2XmnQEA&_nc_gid=flJ4r5KCYOPYRKBNWg__Bw&_nc_zt=28&oh=00_Afh7ttpL6jGohXDaEOYpbR__A4Vlcx-jwGfu5ZLiPLmLTw&oe=6914A4B7', 'https://instagram.fala4-3.fna.fbcdn.net/o1/v/t2/f2/m86/AQOO2nWxiwj9cSgT8BflFAlIcbEene6kRz02fuS6RVRGzDpVVDRQ4MNsirgiVNWLPtq084nTdVmwNT6vR05weicjaKlg37qnwuC3Aqc.mp4?_nc_cat=110&_nc_oc=AdmPcZ6Xu7MpQsJU86_NcQ4GkptJ15RrdK6_JOeD4O5PdEgvxqWfEyZJq--bg7tA87A&_nc_sid=5e9851&_nc_ht=instagram.fala4-3.fna.fbcdn.net&_nc_ohc=eZ9tXDuYHj0Q7kNvwHt0rIs&efg=eyJ2ZW5jb2RlX3RhZyI6Inhwdl9wcm9ncmVzc2l2ZS5JTlNUQUdSQU0uRkVFRC5DMy43MjAuZGFzaF9iYXNlbGluZV8xX3YxIiwieHB2X2Fzc2V0X2lkIjo3OTEzNjI0MzA1NzA0MzIsImFzc2V0X2FnZV9kYXlzIjoxLCJ2aV91c2VjYXNlX2lkIjoxMDA5OSwiZHVyYXRpb25fcyI6MTMsInVybGdlbl9zb3VyY2UiOiJ3d3cifQ%3D%3D&ccb=17-1&vs=c4fdf593259eb257&_nc_vs=HBksFQIYUmlnX3hwdl9yZWVsc19wZXJtYW5lbnRfc3JfcHJvZC9BMjQyNENEQTE0MUM3MjMyOThCRThGNkEzRjk0NDhBMF92aWRlb19kYXNoaW5pdC5tcDQVAALIARIAFQIYOnBhc3N0aHJvdWdoX2V2ZXJzdG9yZS9HRnpRb0NJREtwSTM3ZmNFQU5VUU0wTWN4M2hpYnN0VEFRQUYVAgLIARIAKAAYABsCiAd1c2Vfb2lsATEScHJvZ3Jlc3NpdmVfcmVjaXBlATEVAAAmgL-Aya3v5wIVAigCQzMsF0Aq7peNT987GBJkYXNoX2Jhc2VsaW5lXzFfdjERAHXqB2XmnQEA&_nc_gid=flJ4r5KCYOPYRKBNWg__Bw&_nc_zt=28&oh=00_Afh7ttpL6jGohXDaEOYpbR__A4Vlcx-jwGfu5ZLiPLmLTw&oe=6914A4B7']",https://www.threads.net/@artdeco.joe/post/DQ3Nd2AjEgG,0,depression,sad,english
Allen surpassed Antonio Gates for Chargers history üî•,1762751556,3762555206673500181_63163935326,DQ3SAaNkggV,nfloncbs,143,0,,"['https://instagram.fala4-3.fna.fbcdn.net/o1/v/t2/f2/m86/AQMJbC0FViP6GACqOlLQ7EHTNAoYCTn-Q4Nsb2XOPA7NRkiy2M8WGRDTdQb3Wzm6353swsT52q7w4GuKd1upONw1Rtu9kMnaqyiWgHk.mp4?_nc_cat=100&_nc_oc=AdnfHMmHgJblPRg54mb_CM-AMsG0P8VcGRaU4R0zLGjz89joyfpruXfI1Zlca5qeuJo&_nc_sid=5e9851&_nc_ht=instagram.fala4-3.fna.fbcdn.net&_nc_ohc=D_C7MiODW24Q7kNvwE37GCw&efg=eyJ2ZW5jb2RlX3RhZyI6Inhwdl9wcm9ncmVzc2l2ZS5JTlNUQUdSQU0uRkVFRC5DMy43MjAuZGFzaF9iYXNlbGluZV8xX3YxIiwieHB2X2Fzc2V0X2lkIjoyMjU3ODE4MjQ0NjkzMTI4LCJhc3NldF9hZ2VfZGF5cyI6MSwidmlfdXNlY2FzZV9pZCI6MTAwOTksImR1cmF0aW9uX3MiOjQzLCJ1cmxnZW5fc291cmNlIjoid3d3In0%3D&ccb=17-1&vs=3f57bfea38418a17&_nc_vs=HBksFQIYUmlnX3hwdl9yZWVsc19wZXJtYW5lbnRfc3JfcHJvZC9EODQwOEJBQjk4MEEwMTQyM0Q5Rjc3Njc1MjE2MjZBOV92aWRlb19kYXNoaW5pdC5tcDQVAALIARIAFQIYOnBhc3N0aHJvdWdoX2V2ZXJzdG9yZS9HSndIYnlLLURCa0JYZ3dFQUJfWUhXTHVpODlYYnN0VEFRQUYVAgLIARIAKAAYABsCiAd1c2Vfb2lsATEScHJvZ3Jlc3NpdmVfcmVjaXBlATEVAAAmkPKJ56jegggVAigCQzMsF0BFwAAAAAAAGBJkYXNoX2Jhc2VsaW5lXzFfdjERAHXqB2XmnQEA&_nc_gid=flJ4r5KCYOPYRKBNWg__Bw&_nc_zt=28&oh=00_Afg1hKC4XFyWBUWP-gTU_GW6Se6FCTABtiF_hUtoPQgndg&oe=6914A7E1', 'https://instagram.fala4-3.fna.fbcdn.net/o1/v/t2/f2/m86/AQMJbC0FViP6GACqOlLQ7EHTNAoYCTn-Q4Nsb2XOPA7NRkiy2M8WGRDTdQb3Wzm6353swsT52q7w4GuKd1upONw1Rtu9kMnaqyiWgHk.mp4?_nc_cat=100&_nc_oc=AdnfHMmHgJblPRg54mb_CM-AMsG0P8VcGRaU4R0zLGjz89joyfpruXfI1Zlca5qeuJo&_nc_sid=5e9851&_nc_ht=instagram.fala4-3.fna.fbcdn.net&_nc_ohc=D_C7MiODW24Q7kNvwE37GCw&efg=eyJ2ZW5jb2RlX3RhZyI6Inhwdl9wcm9ncmVzc2l2ZS5JTlNUQUdSQU0uRkVFRC5DMy43MjAuZGFzaF9iYXNlbGluZV8xX3YxIiwieHB2X2Fzc2V0X2lkIjoyMjU3ODE4MjQ0NjkzMTI4LCJhc3NldF9hZ2VfZGF5cyI6MSwidmlfdXNlY2FzZV9pZCI6MTAwOTksImR1cmF0aW9uX3MiOjQzLCJ1cmxnZW5fc291cmNlIjoid3d3In0%3D&ccb=17-1&vs=3f57bfea38418a17&_nc_vs=HBksFQIYUmlnX3hwdl9yZWVsc19wZXJtYW5lbnRfc3JfcHJvZC9EODQwOEJBQjk4MEEwMTQyM0Q5Rjc3Njc1MjE2MjZBOV92aWRlb19kYXNoaW5pdC5tcDQVAALIARIAFQIYOnBhc3N0aHJvdWdoX2V2ZXJzdG9yZS9HSndIYnlLLURCa0JYZ3dFQUJfWUhXTHVpODlYYnN0VEFRQUYVAgLIARIAKAAYABsCiAd1c2Vfb2lsATEScHJvZ3Jlc3NpdmVfcmVjaXBlATEVAAAmkPKJ56jegggVAigCQzMsF0BFwAAAAAAAGBJkYXNoX2Jhc2VsaW5lXzFfdjERAHXqB2XmnQEA&_nc_gid=flJ4r5KCYOPYRKBNWg__Bw&_nc_zt=28&oh=00_Afg1hKC4XFyWBUWP-gTU_GW6Se6FCTABtiF_hUtoPQgndg&oe=6914A7E1', 'https://instagram.fala4-3.fna.fbcdn.net/o1/v/t2/f2/m86/AQMJbC0FViP6GACqOlLQ7EHTNAoYCTn-Q4Nsb2XOPA7NRkiy2M8WGRDTdQb3Wzm6353swsT52q7w4GuKd1upONw1Rtu9kMnaqyiWgHk.mp4?_nc_cat=100&_nc_oc=AdnfHMmHgJblPRg54mb_CM-AMsG0P8VcGRaU4R0zLGjz89joyfpruXfI1Zlca5qeuJo&_nc_sid=5e9851&_nc_ht=instagram.fala4-3.fna.fbcdn.net&_nc_ohc=D_C7MiODW24Q7kNvwE37GCw&efg=eyJ2ZW5jb2RlX3RhZyI6Inhwdl9wcm9ncmVzc2l2ZS5JTlNUQUdSQU0uRkVFRC5DMy43MjAuZGFzaF9iYXNlbGluZV8xX3YxIiwieHB2X2Fzc2V0X2lkIjoyMjU3ODE4MjQ0NjkzMTI4LCJhc3NldF9hZ2VfZGF5cyI6MSwidmlfdXNlY2FzZV9pZCI6MTAwOTksImR1cmF0aW9uX3MiOjQzLCJ1cmxnZW5fc291cmNlIjoid3d3In0%3D&ccb=17-1&vs=3f57bfea38418a17&_nc_vs=HBksFQIYUmlnX3hwdl9yZWVsc19wZXJtYW5lbnRfc3JfcHJvZC9EODQwOEJBQjk4MEEwMTQyM0Q5Rjc3Njc1MjE2MjZBOV92aWRlb19kYXNoaW5pdC5tcDQVAALIARIAFQIYOnBhc3N0aHJvdWdoX2V2ZXJzdG9yZS9HSndIYnlLLURCa0JYZ3dFQUJfWUhXTHVpODlYYnN0VEFRQUYVAgLIARIAKAAYABsCiAd1c2Vfb2lsATEScHJvZ3Jlc3NpdmVfcmVjaXBlATEVAAAmkPKJ56jegggVAigCQzMsF0BFwAAAAAAAGBJkYXNoX2Jhc2VsaW5lXzFfdjERAHXqB2XmnQEA&_nc_gid=flJ4r5KCYOPYRKBNWg__Bw&_nc_zt=28&oh=00_Afg1hKC4XFyWBUWP-gTU_GW6Se6FCTABtiF_hUtoPQgndg&oe=6914A7E1']",https://www.threads.net/@nfloncbs/post/DQ3SAaNkggV,0,depression,sad,english
Air fryer crumbed eggplant with broccolini and cucumber,1762749932,3762541601601247862_63057243361,DQ3O6bgElp2,helenscchin,4,0,,,https://www.threads.net/@helenscchin/post/DQ3O6bgElp2,0,depression,sad,english
"So, Trump has the votes to reopen the government, but he is:

1. Threatening air traffic controllers
2. Asking the Supreme Court to not make him feed people

But at least we got that pinky promise on the ACA tax credits, amirite?",1762799898,3762960740438162722_63060806565,DQ4uNs9jr0i,__jenergy__,98,0,,,https://www.threads.net/@__jenergy__/post/DQ4uNs9jr0i,0,depression,sad,english
1989 is gonna crash out,1762744568,3762496599957023936_63098530218,DQ3ErkdDazA,forevermadie22,21,0,,,https://www.threads.net/@forevermadie22/post/DQ3ErkdDazA,0,depression,sad,english
"The worst part about depression is it makes you really unpleasant to be around when you need support the most.

I‚Äôve been in the hole for the better part of a year, and I‚Äôve driven nearly everyone away.

Please check in on people. Especially the ones you find dull or annoying.",1762818574,3763117404646744814_63104277365,DQ5R1d4DyLu,reethappening,601,0,,,https://www.threads.net/@reethappening/post/DQ5R1d4DyLu,0,depression,sad,english
I want you to know that I was seriously going to refer to depression as ‚Äúthe D-hole‚Äù in this post,1762818797,3763119280096230864_63104277365,DQ5SQwhjz3Q,reethappening,56,0,,,https://www.threads.net/@reethappening/post/DQ5SQwhjz3Q,0,depression,sad,english
Dhole life,1762825687,3763177072588010652_63104277365,DQ5fZv-gLSc,reethappening,17,0,,,https://www.threads.net/@reethappening/post/DQ5fZv-gLSc,0,depression,sad,english
This post got a lot more attention than I‚Äôm comfortable with‚Ä¶and also lost me 20 followers üòÇ,1762825111,3763172246571465309_63104277365,DQ5eThZgDpd,reethappening,11,0,,,https://www.threads.net/@reethappening/post/DQ5eThZgDpd,0,depression,sad,english
Hi. It really is a d-hole. üíú,1762837659,3763277503931514570_68176584711,DQ52PN9Dn7K,booksnaxx,0,0,,,https://www.threads.net/@booksnaxx/post/DQ52PN9Dn7K,0,depression,sad,english
I know rn I‚Äôm not pleasant but I‚Äôm struggling so much and no on checks on me.,1762828510,3763200753537032092_63908541324,DQ5kyWlDp-c,existential_onion,1,0,,,https://www.threads.net/@existential_onion/post/DQ5kyWlDp-c,0,depression,sad,english
"I understand you so well. I‚Äôm older, I‚Äôm 63 and I am alone a lot. I‚Äôm disabled and in chronic pain so people really don‚Äôt care ü§∑‚Äç‚ôÄÔ∏è to be around me. I really do try to be positive and cheerful but it‚Äôs just inevitable that something will come up about how I am or something. But, I truly do understand it‚Äôs very lonely at times when I get tired of my own company!!",1762820191,3763130973428959297_76654503616,DQ5U66ygMhB,msginabygrace,6,0,,,https://www.threads.net/@msginabygrace/post/DQ5U66ygMhB,0,depression,sad,english
"I so understand you, too. 60 and exactly what you describe. People are generally not able to accommodate my disability so don‚Äôt reach out very often. Sigh.",1762837752,3763278282881089131_76111025713,DQ52ajaEb5r,mamasash,0,0,,,https://www.threads.net/@mamasash/post/DQ52ajaEb5r,0,depression,sad,english
"I‚Äôm there too. And I‚Äôll admit I‚Äôm not very pleasant to be around right now. Hanging in, though",1762831436,3763225301774851473_63880704972,DQ5qXk6DV2R,alyson2604,3,0,,,https://www.threads.net/@alyson2604/post/DQ5qXk6DV2R,0,depression,sad,english
It seems so many people I‚Äôm meeting today feel the same way and I think it might be the transition between autumn and winter because the energy is blah.  Mine too.,1762831599,3763226671920014766_72095966668,DQ5qrg9EWWu,lilllietta,1,0,,,https://www.threads.net/@lilllietta/post/DQ5qrg9EWWu,0,depression,sad,english
"It‚Äôs how I describe it too, being in a hole. I‚Äôve felt that way for longer than I‚Äôd like to admit. There‚Äôs the occasional glimpse of possibly being out the hole‚Ä¶then, straight back in it. Also don‚Äôt feel pleasant to be around.",1762832346,3763232932656589470_64120051216,DQ5sGnuDCqe,avril_0605,1,0,,,https://www.threads.net/@avril_0605/post/DQ5sGnuDCqe,0,depression,sad,english
"I‚Äôve been in it for close to 2 years. Nothing works. I totally get it. I spent years building friendships, and it feels like I have nobody. Moving to another state robe near family made it worse. Hang in there. I‚Äôm around you if yiu want to talk. Nobody ever takes me up in that, but I always offer.",1762826041,3763180044605546087_75050588360,DQ5gE_4jV5n,davidcorbin85,5,0,,,https://www.threads.net/@davidcorbin85/post/DQ5gE_4jV5n,0,depression,sad,english
Ooh yeah. And it gets harder to be chipper so they actually want to talk to you. And I don‚Äôt want to bring them down.,1762832310,3763232637034026354_63069146812,DQ5sCUZkdVy,atlas_strength_trainer,0,0,,,https://www.threads.net/@atlas_strength_trainer/post/DQ5sCUZkdVy,0,depression,sad,english
"I suffered severe depression for over a decade. No one helped. I finally figured out a way to fix it myself, but that's complicated.

No one checked in. No one cared. I was left to rot. I didn't eat for 33 days. No one I knew told me not to. No one cares if they haven't been through it. And if they have been through it, often they don't care because they're just glad to move on.

I'd check on someone if I had anyone to check on. How are you managing?",1762831877,3763229000807018390_71170808455,DQ5rNZ5jO-W,sadanyagci,1,0,,,https://www.threads.net/@sadanyagci/post/DQ5rNZ5jO-W,0,depression,sad,english
ü©∑,1762837821,3763278865419562709_76111025713,DQ52jB8EW7V,mamasash,0,0,,,https://www.threads.net/@mamasash/post/DQ52jB8EW7V,0,depression,sad,english
How are you holding up?,1762829735,3763211036024114804_76118676287,DQ5nH-5DA50,keithmallarkey,0,0,,,https://www.threads.net/@keithmallarkey/post/DQ5nH-5DA50,0,depression,sad,english
My issue alsoüò¢,1762831983,3763229889512914414_66284629532,DQ5raVkjL3u,ginnylynn58,0,0,,,https://www.threads.net/@ginnylynn58/post/DQ5raVkjL3u,0,depression,sad,english
"As someone also in the hole, I am sorry and I see you. I have left messages unanswered for weeks because I don't know how to answer ""how have you been?"" in a way that is both honest and not off putting.",1762826399,3763183049640068010_64669772695,DQ5gwuikUOq,tehdannydarko,17,0,,,https://www.threads.net/@tehdannydarko/post/DQ5gwuikUOq,0,depression,sad,english
"Hang in there, friend üíñ You matter, and I‚Äôm glad you‚Äôre here.",1762819393,3763124275445143793_63090746245,DQ5TZczjpjx,thejenibee,3,0,,,https://www.threads.net/@thejenibee/post/DQ5TZczjpjx,0,depression,sad,english
"wow are we the same person üò≠ struggling hard with that right now, being in the hole is rough",1762819524,3763125378631219621_66635051161,DQ5TpgOkjml,fairygrl999,8,0,,,https://www.threads.net/@fairygrl999/post/DQ5TpgOkjml,0,depression,sad,english
People showing some grace can honestly help pull you out sometimes. I hope you feel better soon.,1762831920,3763229363329223432_63459904666,DQ5rSrhjssI,chelseedy,0,0,,,https://www.threads.net/@chelseedy/post/DQ5rSrhjssI,0,depression,sad,english
"I feel you. Mine has been weirdly worse this year, I'm unmotivated and angry so much! (Prob something else there tooü´†)And isolating so much. yet no one notices, which doesn't help",1762824678,3763168616192838420_71181713051,DQ5desWEosU,ceps_wanders,2,0,,,https://www.threads.net/@ceps_wanders/post/DQ5desWEosU,0,depression,sad,english
So much this. So much this.,1762825262,3763173510425251017_63552123445,DQ5el6dDozJ,seamus_hv,2,0,,,https://www.threads.net/@seamus_hv/post/DQ5el6dDozJ,0,depression,sad,english
"About 3 months now of radical waves of it, recently has been the worst.

It is nice to be able to be open about it here, hope others are comfortable with talking about it as more of us are open.

Good luck, internet homies. ‚ù§Ô∏è",1762829853,3763212019419842628_67596775500,DQ5nWSwAAhE,mtnnnsds,0,0,,,https://www.threads.net/@mtnnnsds/post/DQ5nWSwAAhE,0,depression,sad,english
"This, completely. This has been a terrible year for me, and I‚Äôm more alone yet more in need than ever.",1762826336,3763182518431483407_67380319437,DQ5go_0EYYP,misspicklesaurus,5,0,,,https://www.threads.net/@misspicklesaurus/post/DQ5go_0EYYP,0,depression,sad,english
"Wow..looks like so many of us are in the same place. It shouldn't be this way. I don't know what the answer is but I do know that each one of us is unique and has something to offer this world, even if others don't see it. üíï",1762833229,3763240346927842098_63410986270,DQ5tygzDUMy,annettev1962,0,0,,,https://www.threads.net/@annettev1962/post/DQ5tygzDUMy,0,depression,sad,english
ü´Ç,1762833397,3763241749578709128_63607569113,DQ5uG7HjviI,toujours.ria,0,0,,,https://www.threads.net/@toujours.ria/post/DQ5uG7HjviI,0,depression,sad,english
"Can confirm, being a jerk to my wonderful partner due to depression",1762821465,3763141658460923182_68513216124,DQ5XWaACaUu,hmd_phd,4,0,,,https://www.threads.net/@hmd_phd/post/DQ5XWaACaUu,0,depression,sad,english
Same girl.,1762826178,3763181196428447588_72434696756,DQ5gVwmjA9k,mackenzie.mcph,2,0,,,https://www.threads.net/@mackenzie.mcph/post/DQ5gVwmjA9k,0,depression,sad,english
Rep. Jamie Raskin sent a sharply worded 6-page letter to President Donald Trump on Sunday.,1762778430,3762780552291314944_63079231911,DQ4FPnrEm0A,abc7chicago,54,0,,,https://www.threads.net/@abc7chicago/post/DQ4FPnrEm0A,0,depression,sad,english
"Nothing to see here‚Ä¶ just Haaland and Foden sharing an apple after City scored vs Liverpool ü§£üçè

Is that their secret to scoring all those goals? üòÇ",1762755323,3762586819964436987_63128839530,DQ3ZMcYjAH7,433,591,0,,,https://www.threads.net/@433/post/DQ3ZMcYjAH7,0,depression,sad,english
"This video shows a segment from the 2025 China Portrait Painting Competition, where artists rapidly sketch charcoal portraits of a middle-aged man in a timed round. 

A judge then scores each piece on the spot - writing marks directly on the artworks in red pen. 

Scores seem to start around 50-52 for basic completion, with bonuses for likeness, shading, and proportions.",1762788658,3762865990674484911_63428092518,DQ4Yq6XjQ6v,streetartglobe,69,0,,"['https://instagram.fala4-3.fna.fbcdn.net/o1/v/t16/f2/m84/AQPC-d84qbMtpi4GEO_aVhB9gBzf9WCLjddylCOPmZaQPo2wO5L2kayQJ9Mdko6DnjzkEPGOOHAyz_rvaORVG5ZW5Iuw_KnqMVKPvr4.mp4?_nc_cat=110&_nc_oc=AdkEqo2OmfZ1yIiQLUy3vNkdvCo0KRAXL-rt5YEtDw8qHdkTAxqWarDgt2W6hAF7Zww&_nc_sid=5e9851&_nc_ht=instagram.fala4-3.fna.fbcdn.net&_nc_ohc=Q2h47JV3JD8Q7kNvwH4xwQP&efg=eyJ2ZW5jb2RlX3RhZyI6Inhwdl9wcm9ncmVzc2l2ZS5JTlNUQUdSQU0uRkVFRC5DMy43MjAuZGFzaF9iYXNlbGluZV8xX3YxIiwieHB2X2Fzc2V0X2lkIjoxODA2MDMwMjAwMDIyMTg5LCJhc3NldF9hZ2VfZGF5cyI6MCwidmlfdXNlY2FzZV9pZCI6MTAxNjQsImR1cmF0aW9uX3MiOjk2LCJ1cmxnZW5fc291cmNlIjoid3d3In0%3D&ccb=17-1&vs=77149c2665819ecd&_nc_vs=HBksFQIYTGlnX2JhY2tmaWxsX3RpbWVsaW5lX3ZvZC80QTRCMDg4QjdERDg3RjMzQzZENTMwQTdERUY2MDhCRl92aWRlb19kYXNoaW5pdC5tcDQVAALIARIAFQIYOnBhc3N0aHJvdWdoX2V2ZXJzdG9yZS9HTDNKa2lLUnEwTG8tVndMQUxkckhxWmJTek4yYnNwVEFRQUYVAgLIARIAKAAYABsCiAd1c2Vfb2lsATEScHJvZ3Jlc3NpdmVfcmVjaXBlATEVAAAm2pK1yOWktQYVAigCQzMsF0BYLMzMzMzNGBJkYXNoX2Jhc2VsaW5lXzFfdjERAHXqB2XongEA&_nc_gid=VL_Rk6QZchzuXX96hPtTyA&_nc_zt=28&oh=00_AfimZxgaWj94O0rYinki7Cfr0MVtKtOGY7vIs4LVCJ3y2Q&oe=6914ADE2', 'https://instagram.fala4-3.fna.fbcdn.net/o1/v/t16/f2/m84/AQPC-d84qbMtpi4GEO_aVhB9gBzf9WCLjddylCOPmZaQPo2wO5L2kayQJ9Mdko6DnjzkEPGOOHAyz_rvaORVG5ZW5Iuw_KnqMVKPvr4.mp4?_nc_cat=110&_nc_oc=AdkEqo2OmfZ1yIiQLUy3vNkdvCo0KRAXL-rt5YEtDw8qHdkTAxqWarDgt2W6hAF7Zww&_nc_sid=5e9851&_nc_ht=instagram.fala4-3.fna.fbcdn.net&_nc_ohc=Q2h47JV3JD8Q7kNvwH4xwQP&efg=eyJ2ZW5jb2RlX3RhZyI6Inhwdl9wcm9ncmVzc2l2ZS5JTlNUQUdSQU0uRkVFRC5DMy43MjAuZGFzaF9iYXNlbGluZV8xX3YxIiwieHB2X2Fzc2V0X2lkIjoxODA2MDMwMjAwMDIyMTg5LCJhc3NldF9hZ2VfZGF5cyI6MCwidmlfdXNlY2FzZV9pZCI6MTAxNjQsImR1cmF0aW9uX3MiOjk2LCJ1cmxnZW5fc291cmNlIjoid3d3In0%3D&ccb=17-1&vs=77149c2665819ecd&_nc_vs=HBksFQIYTGlnX2JhY2tmaWxsX3RpbWVsaW5lX3ZvZC80QTRCMDg4QjdERDg3RjMzQzZENTMwQTdERUY2MDhCRl92aWRlb19kYXNoaW5pdC5tcDQVAALIARIAFQIYOnBhc3N0aHJvdWdoX2V2ZXJzdG9yZS9HTDNKa2lLUnEwTG8tVndMQUxkckhxWmJTek4yYnNwVEFRQUYVAgLIARIAKAAYABsCiAd1c2Vfb2lsATEScHJvZ3Jlc3NpdmVfcmVjaXBlATEVAAAm2pK1yOWktQYVAigCQzMsF0BYLMzMzMzNGBJkYXNoX2Jhc2VsaW5lXzFfdjERAHXqB2XongEA&_nc_gid=VL_Rk6QZchzuXX96hPtTyA&_nc_zt=28&oh=00_AfimZxgaWj94O0rYinki7Cfr0MVtKtOGY7vIs4LVCJ3y2Q&oe=6914ADE2', 'https://instagram.fala4-3.fna.fbcdn.net/o1/v/t16/f2/m84/AQPC-d84qbMtpi4GEO_aVhB9gBzf9WCLjddylCOPmZaQPo2wO5L2kayQJ9Mdko6DnjzkEPGOOHAyz_rvaORVG5ZW5Iuw_KnqMVKPvr4.mp4?_nc_cat=110&_nc_oc=AdkEqo2OmfZ1yIiQLUy3vNkdvCo0KRAXL-rt5YEtDw8qHdkTAxqWarDgt2W6hAF7Zww&_nc_sid=5e9851&_nc_ht=instagram.fala4-3.fna.fbcdn.net&_nc_ohc=Q2h47JV3JD8Q7kNvwH4xwQP&efg=eyJ2ZW5jb2RlX3RhZyI6Inhwdl9wcm9ncmVzc2l2ZS5JTlNUQUdSQU0uRkVFRC5DMy43MjAuZGFzaF9iYXNlbGluZV8xX3YxIiwieHB2X2Fzc2V0X2lkIjoxODA2MDMwMjAwMDIyMTg5LCJhc3NldF9hZ2VfZGF5cyI6MCwidmlfdXNlY2FzZV9pZCI6MTAxNjQsImR1cmF0aW9uX3MiOjk2LCJ1cmxnZW5fc291cmNlIjoid3d3In0%3D&ccb=17-1&vs=77149c2665819ecd&_nc_vs=HBksFQIYTGlnX2JhY2tmaWxsX3RpbWVsaW5lX3ZvZC80QTRCMDg4QjdERDg3RjMzQzZENTMwQTdERUY2MDhCRl92aWRlb19kYXNoaW5pdC5tcDQVAALIARIAFQIYOnBhc3N0aHJvdWdoX2V2ZXJzdG9yZS9HTDNKa2lLUnEwTG8tVndMQUxkckhxWmJTek4yYnNwVEFRQUYVAgLIARIAKAAYABsCiAd1c2Vfb2lsATEScHJvZ3Jlc3NpdmVfcmVjaXBlATEVAAAm2pK1yOWktQYVAigCQzMsF0BYLMzMzMzNGBJkYXNoX2Jhc2VsaW5lXzFfdjERAHXqB2XongEA&_nc_gid=VL_Rk6QZchzuXX96hPtTyA&_nc_zt=28&oh=00_AfimZxgaWj94O0rYinki7Cfr0MVtKtOGY7vIs4LVCJ3y2Q&oe=6914ADE2']",https://www.threads.net/@streetartglobe/post/DQ4Yq6XjQ6v,0,depression,sad,english
heart shaped strawberries,1762806143,3763013130382399137_63127981019,DQ46IE5ktah,rejectness,330,0,,,https://www.threads.net/@rejectness/post/DQ46IE5ktah,0,depression,sad,english
More than 600 flights have been canceled at Chicago airports on Monday as travelers navigate impacts of the federal government shutdown and overnight snowfall.,1762810883,3763052786201315770_63079231911,DQ5DJJQksm6,abc7chicago,7,0,,,https://www.threads.net/@abc7chicago/post/DQ5DJJQksm6,0,depression,sad,english
My depression has been bad for a while but I didn't realize how bad it was until my doctor increased the dose of my medication. I feel like a little daisy shining my petals up towards the sun. üåª,1762810357,3763048476000326634_69790575395,DQ5CKbEkxPq,esotericareads,94,0,,,https://www.threads.net/@esotericareads/post/DQ5CKbEkxPq,0,depression,sad,english
Happy for you!,1762825269,3763173572752521323_77226957162,DQ5em0gDThr,midwest_wildflower2.0,1,0,,,https://www.threads.net/@midwest_wildflower2.0/post/DQ5em0gDThr,0,depression,sad,english
I‚Äôm so glad you are starting to feel alive again! ü©∑,1762820854,3763136530455008088_69617953386,DQ5WLyLERNY,hollyefillmore,1,0,,,https://www.threads.net/@hollyefillmore/post/DQ5WLyLERNY,0,depression,sad,english
Thank you!,1762829242,3763206900574941125_69790575395,DQ5mLzdEW_F,esotericareads,0,0,,,https://www.threads.net/@esotericareads/post/DQ5mLzdEW_F,0,depression,sad,english
"Funny how brain chemistry works, huh?",1762810689,3763051264172260287_67383875592,DQ5Cy_wknu_,poorlywiredcircuit,1,0,,,https://www.threads.net/@poorlywiredcircuit/post/DQ5Cy_wknu_,0,depression,sad,english
Good deal!!,1762811344,3763056759565580778_70616806197,DQ5EC9vifnq,lindy.spencer,1,0,,,https://www.threads.net/@lindy.spencer/post/DQ5EC9vifnq,0,depression,sad,english
"üôèüôèüôèin the name of Jesus for Gods healing, blessings and peace and strength‚ù§Ô∏è‚ù§Ô∏è‚ù§Ô∏è",1762822343,3763149024011307068_68511412150,DQ5ZBltDUg8,retired_rog,1,0,,,https://www.threads.net/@retired_rog/post/DQ5ZBltDUg8,0,depression,sad,english
